customer_id,cancellation_timestamp
1,2023-01-11
2,2023-01-02
3,2023-01-20
4,2023-01-21
5,2023-01-07
6,2023-01-19
7,2023-01-17
8,2023-01-08
9,2023-01-26
10,2023-01-30
11,2023-01-25
12,2023-01-09
13,2023-01-07
14,2023-01-01
15,2023-01-03
16,2023-01-18
17,2023-01-28
18,2023-01-15
19,2023-01-22
20,2023-01-22
21,2023-01-31
22,2023-01-03
23,2023-01-17
24,2023-01-13
25,2023-01-07
26,2023-01-16
27,2023-01-11
28,2023-01-20
29,2023-01-20
30,2023-01-17
31,2023-01-31
32,2023-01-02
33,2023-01-30
34,2023-01-22
35,2023-01-12
36,2023-01-13
37,2023-01-05
38,2023-01-23
39,2023-01-28
40,2023-01-14
41,2023-01-12
42,2023-01-13
43,2023-01-12
44,2023-01-01
45,2023-01-10
46,2023-01-12
47,2023-01-12
48,2023-01-10
49,2023-01-15
50,2023-01-28
51,2023-01-18
52,2023-01-03
53,2023-01-07
54,2023-01-24
55,2023-01-29
56,2023-01-15
57,2023-01-24
58,2023-01-14
59,2023-01-26
60,2023-01-15
61,2023-01-10
62,2023-01-06
63,2023-01-26
64,2023-01-24
65,2023-01-29
66,2023-01-14
67,2023-01-24
68,2023-01-29
69,2023-01-14
70,2023-01-05
71,2023-01-27
72,2023-01-19
73,2023-01-20
74,2023-01-03
75,2023-01-05
76,2023-01-07
77,2023-01-10
78,2023-01-16
79,2023-01-28
80,2023-01-17
81,2023-01-11
82,2023-01-03
83,2023-01-30
84,2023-01-31
85,2023-01-19
86,2023-01-25
87,2023-01-13
88,2023-01-03
89,2023-01-01
90,2023-01-14
91,2023-01-21
92,2023-01-30
93,2023-01-09
94,2023-01-14
95,2023-01-06
96,2023-01-18
97,2023-01-15
98,2023-01-23
99,2023-01-19
100,2023-01-25
101,2023-01-30
102,2023-01-05
103,2023-01-07
104,2023-01-06
105,2023-01-27
106,2023-01-13
107,2023-01-10
108,2023-01-18
109,2023-01-16
110,2023-01-02
111,2023-01-27
112,2023-01-27
113,2023-01-10
114,2023-01-27
115,2023-01-19
116,2023-01-10
117,2023-01-16
118,2023-01-18
119,2023-01-24
120,2023-01-15
121,2023-01-08
122,2023-01-01
123,2023-01-26
124,2023-01-01
125,2023-01-05
126,2023-01-09
127,2023-01-10
128,2023-01-31
129,2023-01-21
130,2023-01-27
131,2023-01-21
132,2023-01-16
133,2023-01-04
134,2023-01-21
135,2023-01-22
136,2023-01-29
137,2023-01-10
138,2023-01-14
139,2023-01-06
140,2023-01-16
141,2023-01-30
142,2023-01-23
143,2023-01-21
144,2023-01-08
145,2023-01-01
146,2023-01-04
147,2023-01-25
148,2023-01-09
149,2023-01-16
150,2023-01-03
151,2023-01-20
152,2023-01-24
153,2023-01-12
154,2023-01-19
155,2023-01-16
156,2023-01-19
157,2023-01-14
158,2023-01-28
159,2023-01-09
160,2023-01-21
161,2023-01-22
162,2023-01-16
163,2023-01-23
164,2023-01-27
165,2023-01-04
166,2023-01-12
167,2023-01-17
168,2023-01-24
169,2023-01-19
170,2023-01-01
171,2023-01-28
172,2023-01-09
173,2023-01-06
174,2023-01-19
175,2023-01-02
176,2023-01-05
177,2023-01-11
178,2023-01-15
179,2023-01-29
180,2023-01-23
181,2023-01-05
182,2023-01-12
183,2023-01-06
184,2023-01-02
185,2023-01-09
186,2023-01-12
187,2023-01-14
188,2023-01-21
189,2023-01-30
190,2023-01-31
191,2023-01-12
192,2023-01-02
193,2023-01-10
194,2023-01-10
195,2023-01-17
196,2023-01-21
197,2023-01-30
198,2023-01-03
199,2023-01-17
200,2023-01-07
201,2023-01-25
202,2023-01-21
203,2023-01-06
204,2023-01-25
205,2023-01-04
206,2023-01-20
207,2023-01-25
208,2023-01-06
209,2023-01-18
210,2023-01-11
211,2023-01-28
212,2023-01-11
213,2023-01-27
214,2023-01-28
215,2023-01-22
216,2023-01-26
217,2023-01-10
218,2023-01-09
219,2023-01-22
220,2023-01-23
221,2023-01-23
222,2023-01-12
223,2023-01-04
224,2023-01-18
225,2023-01-19
226,2023-01-12
227,2023-01-27
228,2023-01-05
229,2023-01-01
230,2023-01-05
231,2023-01-17
232,2023-01-10
233,2023-01-12
234,2023-01-25
235,2023-01-16
236,2023-01-14
237,2023-01-11
238,2023-01-30
239,2023-01-30
240,2023-01-06
241,2023-01-04
242,2023-01-07
243,2023-01-05
244,2023-01-17
245,2023-01-08
246,2023-01-27
247,2023-01-07
248,2023-01-26
249,2023-01-29
250,2023-01-18
251,2023-01-20
252,2023-01-23
253,2023-01-27
254,2023-01-31
255,2023-01-17
256,2023-01-28
257,2023-01-18
258,2023-01-23
259,2023-01-18
260,2023-01-23
261,2023-01-25
262,2023-01-26
263,2023-01-04
264,2023-01-14
265,2023-01-15
266,2023-01-30
267,2023-01-03
268,2023-01-04
269,2023-01-27
270,2023-01-05
271,2023-01-30
272,2023-01-01
273,2023-01-16
274,2023-01-12
275,2023-01-10
276,2023-01-23
277,2023-01-12
278,2023-01-05
279,2023-01-27
280,2023-01-15
281,2023-01-29
282,2023-01-20
283,2023-01-17
284,2023-01-25
285,2023-01-11
286,2023-01-06
287,2023-01-23
288,2023-01-10
289,2023-01-01
290,2023-01-24
291,2023-01-27
292,2023-01-04
293,2023-01-08
294,2023-01-05
295,2023-01-28
296,2023-01-23
297,2023-01-05
298,2023-01-23
299,2023-01-08
300,2023-01-10
301,2023-01-05
302,2023-01-07
303,2023-01-05
304,2023-01-03
305,2023-01-14
306,2023-01-23
307,2023-01-25
308,2023-01-26
309,2023-01-04
310,2023-01-03
311,2023-01-01
312,2023-01-25
313,2023-01-16
314,2023-01-25
315,2023-01-14
316,2023-01-02
317,2023-01-07
318,2023-01-04
319,2023-01-02
320,2023-01-26
321,2023-01-22
322,2023-01-17
323,2023-01-19
324,2023-01-02
325,2023-01-16
326,2023-01-04
327,2023-01-30
328,2023-01-09
329,2023-01-02
330,2023-01-03
331,2023-01-10
332,2023-01-22
333,2023-01-01
334,2023-01-25
335,2023-01-04
336,2023-01-26
337,2023-01-04
338,2023-01-30
339,2023-01-20
340,2023-01-07
341,2023-01-19
342,2023-01-29
343,2023-01-07
344,2023-01-06
345,2023-01-22
346,2023-01-12
347,2023-01-01
348,2023-01-03
349,2023-01-05
350,2023-01-28
351,2023-01-24
352,2023-01-31
353,2023-01-09
354,2023-01-31
355,2023-01-19
356,2023-01-12
357,2023-01-12
358,2023-01-06
359,2023-01-28
360,2023-01-17
361,2023-01-25
362,2023-01-24
363,2023-01-20
364,2023-01-08
365,2023-01-17
366,2023-01-19
367,2023-01-03
368,2023-01-04
369,2023-01-27
370,2023-01-19
371,2023-01-25
372,2023-01-01
373,2023-01-17
374,2023-01-07
375,2023-01-23
376,2023-01-07
377,2023-01-31
378,2023-01-10
379,2023-01-06
380,2023-01-29
381,2023-01-25
382,2023-01-18
383,2023-01-01
384,2023-01-24
385,2023-01-04
386,2023-01-30
387,2023-01-07
388,2023-01-30
389,2023-01-17
390,2023-01-28
391,2023-01-23
392,2023-01-16
393,2023-01-12
394,2023-01-23
395,2023-01-19
396,2023-01-06
397,2023-01-15
398,2023-01-22
399,2023-01-31
400,2023-01-04
401,2023-01-06
402,2023-01-27
403,2023-01-12
404,2023-01-13
405,2023-01-14
406,2023-01-07
407,2023-01-17
408,2023-01-08
409,2023-01-14
410,2023-01-04
411,2023-01-25
412,2023-01-11
413,2023-01-04
414,2023-01-15
415,2023-01-04
416,2023-01-17
417,2023-01-05
418,2023-01-16
419,2023-01-25
420,2023-01-12
421,2023-01-23
422,2023-01-10
423,2023-01-18
424,2023-01-24
425,2023-01-02
426,2023-01-03
427,2023-01-11
428,2023-01-16
429,2023-01-04
430,2023-01-13
431,2023-01-10
432,2023-01-15
433,2023-01-20
434,2023-01-24
435,2023-01-10
436,2023-01-22
437,2023-01-27
438,2023-01-15
439,2023-01-08
440,2023-01-18
441,2023-01-14
442,2023-01-10
443,2023-01-28
444,2023-01-14
445,2023-01-07
446,2023-01-28
447,2023-01-03
448,2023-01-29
449,2023-01-27
450,2023-01-26
451,2023-01-16
452,2023-01-31
453,2023-01-22
454,2023-01-12
455,2023-01-06
456,2023-01-01
457,2023-01-22
458,2023-01-16
459,2023-01-22
460,2023-01-04
461,2023-01-13
462,2023-01-15
463,2023-01-17
464,2023-01-22
465,2023-01-22
466,2023-01-03
467,2023-01-04
468,2023-01-05
469,2023-01-13
470,2023-01-13
471,2023-01-23
472,2023-01-19
473,2023-01-04
474,2023-01-24
475,2023-01-30
476,2023-01-29
477,2023-01-06
478,2023-01-03
479,2023-01-12
480,2023-01-07
481,2023-01-11
482,2023-01-07
483,2023-01-20
484,2023-01-28
485,2023-01-13
486,2023-01-04
487,2023-01-08
488,2023-01-27
489,2023-01-14
490,2023-01-24
491,2023-01-16
492,2023-01-09
493,2023-01-25
494,2023-01-23
495,2023-01-25
496,2023-01-19
497,2023-01-19
498,2023-01-09
499,2023-01-25
500,2023-01-26
501,2023-01-26
502,2023-01-21
503,2023-01-31
504,2023-01-13
505,2023-01-12
506,2023-01-16
507,2023-01-22
508,2023-01-20
509,2023-01-31
510,2023-01-13
511,2023-01-16
512,2023-01-17
513,2023-01-09
514,2023-01-05
515,2023-01-25
516,2023-01-15
517,2023-01-04
518,2023-01-04
519,2023-01-09
520,2023-01-16
521,2023-01-16
522,2023-01-08
523,2023-01-21
524,2023-01-31
525,2023-01-05
526,2023-01-01
527,2023-01-04
528,2023-01-24
529,2023-01-02
530,2023-01-27
531,2023-01-03
532,2023-01-16
533,2023-01-22
534,2023-01-01
535,2023-01-06
536,2023-01-13
537,2023-01-20
538,2023-01-22
539,2023-01-11
540,2023-01-05
541,2023-01-10
542,2023-01-20
543,2023-01-20
544,2023-01-04
545,2023-01-25
546,2023-01-03
547,2023-01-22
548,2023-01-25
549,2023-01-17
550,2023-01-25
551,2023-01-16
552,2023-01-26
553,2023-01-15
554,2023-01-07
555,2023-01-10
556,2023-01-22
557,2023-01-16
558,2023-01-16
559,2023-01-17
560,2023-01-09
561,2023-01-18
562,2023-01-11
563,2023-01-26
564,2023-01-28
565,2023-01-18
566,2023-01-18
567,2023-01-01
568,2023-01-31
569,2023-01-25
570,2023-01-02
571,2023-01-14
572,2023-01-29
573,2023-01-30
574,2023-01-04
575,2023-01-13
576,2023-01-15
577,2023-01-11
578,2023-01-28
579,2023-01-13
580,2023-01-15
581,2023-01-15
582,2023-01-02
583,2023-01-02
584,2023-01-06
585,2023-01-18
586,2023-01-22
587,2023-01-28
588,2023-01-25
589,2023-01-10
590,2023-01-29
591,2023-01-23
592,2023-01-06
593,2023-01-16
594,2023-01-14
595,2023-01-05
596,2023-01-10
597,2023-01-23
598,2023-01-13
599,2023-01-16
600,2023-01-25
601,2023-01-04
602,2023-01-19
603,2023-01-22
604,2023-01-16
605,2023-01-22
606,2023-01-18
607,2023-01-22
608,2023-01-18
609,2023-01-19
610,2023-01-16
611,2023-01-16
612,2023-01-18
613,2023-01-28
614,2023-01-06
615,2023-01-17
616,2023-01-02
617,2023-01-13
618,2023-01-09
619,2023-01-16
620,2023-01-19
621,2023-01-13
622,2023-01-20
623,2023-01-22
624,2023-01-12
625,2023-01-25
626,2023-01-10
627,2023-01-11
628,2023-01-02
629,2023-01-01
630,2023-01-19
631,2023-01-02
632,2023-01-05
633,2023-01-27
634,2023-01-12
635,2023-01-12
636,2023-01-26
637,2023-01-24
638,2023-01-19
639,2023-01-01
640,2023-01-25
641,2023-01-29
642,2023-01-21
643,2023-01-11
644,2023-01-13
645,2023-01-04
646,2023-01-14
647,2023-01-12
648,2023-01-12
649,2023-01-14
650,2023-01-12
651,2023-01-02
652,2023-01-22
653,2023-01-08
654,2023-01-08
655,2023-01-08
656,2023-01-21
657,2023-01-10
658,2023-01-19
659,2023-01-03
660,2023-01-30
661,2023-01-23
662,2023-01-03
663,2023-01-28
664,2023-01-10
665,2023-01-04
666,2023-01-11
667,2023-01-06
668,2023-01-01
669,2023-01-18
670,2023-01-11
671,2023-01-02
672,2023-01-15
673,2023-01-22
674,2023-01-28
675,2023-01-14
676,2023-01-19
677,2023-01-17
678,2023-01-29
679,2023-01-14
680,2023-01-09
681,2023-01-01
682,2023-01-23
683,2023-01-16
684,2023-01-19
685,2023-01-01
686,2023-01-11
687,2023-01-13
688,2023-01-19
689,2023-01-13
690,2023-01-11
691,2023-01-19
692,2023-01-04
693,2023-01-26
694,2023-01-16
695,2023-01-04
696,2023-01-23
697,2023-01-22
698,2023-01-07
699,2023-01-11
700,2023-01-16
701,2023-01-17
702,2023-01-26
703,2023-01-25
704,2023-01-22
705,2023-01-11
706,2023-01-06
707,2023-01-20
708,2023-01-10
709,2023-01-12
710,2023-01-14
711,2023-01-07
712,2023-01-16
713,2023-01-21
714,2023-01-28
715,2023-01-26
716,2023-01-03
717,2023-01-27
718,2023-01-28
719,2023-01-18
720,2023-01-07
721,2023-01-10
722,2023-01-09
723,2023-01-02
724,2023-01-10
725,2023-01-19
726,2023-01-13
727,2023-01-26
728,2023-01-08
729,2023-01-20
730,2023-01-24
731,2023-01-31
732,2023-01-03
733,2023-01-23
734,2023-01-28
735,2023-01-19
736,2023-01-04
737,2023-01-19
738,2023-01-11
739,2023-01-09
740,2023-01-03
741,2023-01-19
742,2023-01-26
743,2023-01-17
744,2023-01-16
745,2023-01-14
746,2023-01-07
747,2023-01-12
748,2023-01-26
749,2023-01-03
750,2023-01-21
751,2023-01-27
752,2023-01-10
753,2023-01-17
754,2023-01-26
755,2023-01-10
756,2023-01-14
757,2023-01-22
758,2023-01-18
759,2023-01-11
760,2023-01-07
761,2023-01-14
762,2023-01-13
763,2023-01-09
764,2023-01-20
765,2023-01-17
766,2023-01-15
767,2023-01-22
768,2023-01-25
769,2023-01-18
770,2023-01-06
771,2023-01-29
772,2023-01-01
773,2023-01-21
774,2023-01-23
775,2023-01-17
776,2023-01-28
777,2023-01-06
778,2023-01-19
779,2023-01-16
780,2023-01-07
781,2023-01-22
782,2023-01-31
783,2023-01-27
784,2023-01-24
785,2023-01-31
786,2023-01-15
787,2023-01-09
788,2023-01-30
789,2023-01-21
790,2023-01-18
791,2023-01-26
792,2023-01-20
793,2023-01-28
794,2023-01-25
795,2023-01-30
796,2023-01-14
797,2023-01-30
798,2023-01-19
799,2023-01-24
800,2023-01-21
801,2023-01-02
802,2023-01-17
803,2023-01-07
804,2023-01-12
805,2023-01-15
806,2023-01-05
807,2023-01-08
808,2023-01-05
809,2023-01-24
810,2023-01-22
811,2023-01-25
812,2023-01-10
813,2023-01-28
814,2023-01-14
815,2023-01-14
816,2023-01-11
817,2023-01-28
818,2023-01-27
819,2023-01-30
820,2023-01-03
821,2023-01-21
822,2023-01-07
823,2023-01-28
824,2023-01-14
825,2023-01-09
826,2023-01-27
827,2023-01-10
828,2023-01-21
829,2023-01-06
830,2023-01-09
831,2023-01-22
832,2023-01-20
833,2023-01-08
834,2023-01-13
835,2023-01-08
836,2023-01-04
837,2023-01-05
838,2023-01-07
839,2023-01-01
840,2023-01-08
841,2023-01-26
842,2023-01-27
843,2023-01-10
844,2023-01-15
845,2023-01-16
846,2023-01-18
847,2023-01-14
848,2023-01-14
849,2023-01-21
850,2023-01-29
851,2023-01-02
852,2023-01-07
853,2023-01-06
854,2023-01-09
855,2023-01-05
856,2023-01-01
857,2023-01-09
858,2023-01-26
859,2023-01-26
860,2023-01-09
861,2023-01-22
862,2023-01-18
863,2023-01-06
864,2023-01-21
865,2023-01-28
866,2023-01-02
867,2023-01-31
868,2023-01-24
869,2023-01-16
870,2023-01-26
871,2023-01-01
872,2023-01-02
873,2023-01-28
874,2023-01-29
875,2023-01-03
876,2023-01-11
877,2023-01-20
878,2023-01-10
879,2023-01-28
880,2023-01-03
881,2023-01-29
882,2023-01-31
883,2023-01-14
884,2023-01-29
885,2023-01-12
886,2023-01-22
887,2023-01-22
888,2023-01-29
889,2023-01-03
890,2023-01-13
891,2023-01-31
892,2023-01-27
893,2023-01-24
894,2023-01-27
895,2023-01-05
896,2023-01-08
897,2023-01-04
898,2023-01-19
899,2023-01-24
900,2023-01-17
901,2023-01-30
902,2023-01-04
903,2023-01-17
904,2023-01-22
905,2023-01-27
906,2023-01-19
907,2023-01-31
908,2023-01-25
909,2023-01-30
910,2023-01-17
911,2023-01-09
912,2023-01-16
913,2023-01-29
914,2023-01-03
915,2023-01-08
916,2023-01-20
917,2023-01-04
918,2023-01-25
919,2023-01-26
920,2023-01-11
921,2023-01-11
922,2023-01-27
923,2023-01-19
924,2023-01-24
925,2023-01-13
926,2023-01-26
927,2023-01-24
928,2023-01-24
929,2023-01-08
930,2023-01-30
931,2023-01-14
932,2023-01-07
933,2023-01-05
934,2023-01-04
935,2023-01-06
936,2023-01-07
937,2023-01-09
938,2023-01-15
939,2023-01-14
940,2023-01-09
941,2023-01-28
942,2023-01-19
943,2023-01-02
944,2023-01-16
945,2023-01-18
946,2023-01-12
947,2023-01-23
948,2023-01-31
949,2023-01-04
950,2023-01-11
951,2023-01-18
952,2023-01-14
953,2023-01-16
954,2023-01-22
955,2023-01-08
956,2023-01-31
957,2023-01-09
958,2023-01-29
959,2023-01-26
960,2023-01-30
961,2023-01-05
962,2023-01-12
963,2023-01-16
964,2023-01-23
965,2023-01-12
966,2023-01-27
967,2023-01-10
968,2023-01-01
969,2023-01-21
970,2023-01-31
971,2023-01-29
972,2023-01-20
973,2023-01-02
974,2023-01-27
975,2023-01-24
976,2023-01-22
977,2023-01-26
978,2023-01-31
979,2023-01-02
980,2023-01-23
981,2023-01-30
982,2023-01-26
983,2023-01-22
984,2023-01-08
985,2023-01-09
986,2023-01-18
987,2023-01-13
988,2023-01-10
989,2023-01-21
990,2023-01-31
991,2023-01-23
992,2023-01-12
993,2023-01-29
994,2023-01-26
995,2023-01-22
996,2023-01-04
997,2023-01-18
998,2023-01-28
999,2023-01-08
1000,2023-01-28
1001,2023-01-15
1002,2023-01-13
1003,2023-01-01
1004,2023-01-30
1005,2023-01-31
1006,2023-01-13
1007,2023-01-30
1008,2023-01-30
1009,2023-01-09
1010,2023-01-10
1011,2023-01-03
1012,2023-01-30
1013,2023-01-27
1014,2023-01-25
1015,2023-01-08
1016,2023-01-10
1017,2023-01-07
1018,2023-01-28
1019,2023-01-29
1020,2023-01-06
1021,2023-01-30
1022,2023-01-15
1023,2023-01-21
1024,2023-01-11
1025,2023-01-29
1026,2023-01-26
1027,2023-01-25
1028,2023-01-21
1029,2023-01-14
1030,2023-01-26
1031,2023-01-02
1032,2023-01-09
1033,2023-01-28
1034,2023-01-03
1035,2023-01-27
1036,2023-01-25
1037,2023-01-31
1038,2023-01-16
1039,2023-01-16
1040,2023-01-24
1041,2023-01-14
1042,2023-01-30
1043,2023-01-27
1044,2023-01-11
1045,2023-01-23
1046,2023-01-14
1047,2023-01-29
1048,2023-01-30
1049,2023-01-27
1050,2023-01-04
1051,2023-01-27
1052,2023-01-06
1053,2023-01-23
1054,2023-01-09
1055,2023-01-17
1056,2023-01-03
1057,2023-01-12
1058,2023-01-14
1059,2023-01-20
1060,2023-01-24
1061,2023-01-27
1062,2023-01-18
1063,2023-01-24
1064,2023-01-11
1065,2023-01-15
1066,2023-01-23
1067,2023-01-01
1068,2023-01-25
1069,2023-01-02
1070,2023-01-21
1071,2023-01-21
1072,2023-01-06
1073,2023-01-21
1074,2023-01-15
1075,2023-01-26
1076,2023-01-21
1077,2023-01-05
1078,2023-01-01
1079,2023-01-13
1080,2023-01-07
1081,2023-01-21
1082,2023-01-10
1083,2023-01-11
1084,2023-01-19
1085,2023-01-03
1086,2023-01-04
1087,2023-01-06
1088,2023-01-08
1089,2023-01-17
1090,2023-01-23
1091,2023-01-25
1092,2023-01-27
1093,2023-01-21
1094,2023-01-25
1095,2023-01-05
1096,2023-01-28
1097,2023-01-20
1098,2023-01-22
1099,2023-01-14
1100,2023-01-26
1101,2023-01-31
1102,2023-01-11
1103,2023-01-15
1104,2023-01-16
1105,2023-01-28
1106,2023-01-24
1107,2023-01-05
1108,2023-01-09
1109,2023-01-06
1110,2023-01-22
1111,2023-01-19
1112,2023-01-27
1113,2023-01-11
1114,2023-01-26
1115,2023-01-10
1116,2023-01-07
1117,2023-01-03
1118,2023-01-14
1119,2023-01-12
1120,2023-01-06
1121,2023-01-13
1122,2023-01-29
1123,2023-01-13
1124,2023-01-31
1125,2023-01-27
1126,2023-01-29
1127,2023-01-19
1128,2023-01-08
1129,2023-01-01
1130,2023-01-31
1131,2023-01-01
1132,2023-01-30
1133,2023-01-18
1134,2023-01-21
1135,2023-01-20
1136,2023-01-21
1137,2023-01-08
1138,2023-01-30
1139,2023-01-03
1140,2023-01-15
1141,2023-01-07
1142,2023-01-09
1143,2023-01-23
1144,2023-01-28
1145,2023-01-06
1146,2023-01-02
1147,2023-01-13
1148,2023-01-20
1149,2023-01-14
1150,2023-01-20
1151,2023-01-09
1152,2023-01-05
1153,2023-01-03
1154,2023-01-31
1155,2023-01-12
1156,2023-01-06
1157,2023-01-31
1158,2023-01-19
1159,2023-01-04
1160,2023-01-01
1161,2023-01-23
1162,2023-01-17
1163,2023-01-14
1164,2023-01-25
1165,2023-01-30
1166,2023-01-30
1167,2023-01-15
1168,2023-01-27
1169,2023-01-22
1170,2023-01-16
1171,2023-01-04
1172,2023-01-08
1173,2023-01-23
1174,2023-01-07
1175,2023-01-07
1176,2023-01-31
1177,2023-01-28
1178,2023-01-27
1179,2023-01-26
1180,2023-01-09
1181,2023-01-10
1182,2023-01-24
1183,2023-01-16
1184,2023-01-13
1185,2023-01-05
1186,2023-01-14
1187,2023-01-28
1188,2023-01-07
1189,2023-01-20
1190,2023-01-07
1191,2023-01-27
1192,2023-01-10
1193,2023-01-24
1194,2023-01-22
1195,2023-01-07
1196,2023-01-14
1197,2023-01-06
1198,2023-01-14
1199,2023-01-26
1200,2023-01-05
1201,2023-01-01
1202,2023-01-10
1203,2023-01-09
1204,2023-01-08
1205,2023-01-20
1206,2023-01-15
1207,2023-01-30
1208,2023-01-08
1209,2023-01-12
1210,2023-01-19
1211,2023-01-22
1212,2023-01-21
1213,2023-01-15
1214,2023-01-03
1215,2023-01-01
1216,2023-01-16
1217,2023-01-05
1218,2023-01-28
1219,2023-01-11
1220,2023-01-23
1221,2023-01-13
1222,2023-01-22
1223,2023-01-07
1224,2023-01-23
1225,2023-01-13
1226,2023-01-23
1227,2023-01-14
1228,2023-01-24
1229,2023-01-20
1230,2023-01-09
1231,2023-01-03
1232,2023-01-04
1233,2023-01-18
1234,2023-01-02
1235,2023-01-02
1236,2023-01-11
1237,2023-01-30
1238,2023-01-08
1239,2023-01-16
1240,2023-01-30
1241,2023-01-12
1242,2023-01-20
1243,2023-01-31
1244,2023-01-22
1245,2023-01-31
1246,2023-01-26
1247,2023-01-20
1248,2023-01-23
1249,2023-01-24
1250,2023-01-26
1251,2023-01-02
1252,2023-01-01
1253,2023-01-09
1254,2023-01-17
1255,2023-01-20
1256,2023-01-13
1257,2023-01-10
1258,2023-01-13
1259,2023-01-22
1260,2023-01-12
1261,2023-01-05
1262,2023-01-31
1263,2023-01-29
1264,2023-01-18
1265,2023-01-02
1266,2023-01-19
1267,2023-01-06
1268,2023-01-09
1269,2023-01-06
1270,2023-01-17
1271,2023-01-16
1272,2023-01-30
1273,2023-01-11
1274,2023-01-29
1275,2023-01-15
1276,2023-01-05
1277,2023-01-03
1278,2023-01-11
1279,2023-01-23
1280,2023-01-17
1281,2023-01-14
1282,2023-01-05
1283,2023-01-09
1284,2023-01-04
1285,2023-01-11
1286,2023-01-02
1287,2023-01-05
1288,2023-01-16
1289,2023-01-28
1290,2023-01-27
1291,2023-01-09
1292,2023-01-24
1293,2023-01-12
1294,2023-01-30
1295,2023-01-14
1296,2023-01-10
1297,2023-01-29
1298,2023-01-29
1299,2023-01-09
1300,2023-01-20
1301,2023-01-27
1302,2023-01-25
1303,2023-01-30
1304,2023-01-09
1305,2023-01-17
1306,2023-01-11
1307,2023-01-14
1308,2023-01-29
1309,2023-01-06
1310,2023-01-11
1311,2023-01-24
1312,2023-01-16
1313,2023-01-25
1314,2023-01-31
1315,2023-01-05
1316,2023-01-18
1317,2023-01-28
1318,2023-01-30
1319,2023-01-22
1320,2023-01-21
1321,2023-01-26
1322,2023-01-15
1323,2023-01-02
1324,2023-01-07
1325,2023-01-05
1326,2023-01-02
1327,2023-01-08
1328,2023-01-06
1329,2023-01-02
1330,2023-01-16
1331,2023-01-09
1332,2023-01-06
1333,2023-01-23
1334,2023-01-15
1335,2023-01-14
1336,2023-01-04
1337,2023-01-29
1338,2023-01-30
1339,2023-01-16
1340,2023-01-02
1341,2023-01-15
1342,2023-01-12
1343,2023-01-23
1344,2023-01-18
1345,2023-01-16
1346,2023-01-15
1347,2023-01-16
1348,2023-01-04
1349,2023-01-28
1350,2023-01-24
1351,2023-01-28
1352,2023-01-05
1353,2023-01-04
1354,2023-01-12
1355,2023-01-03
1356,2023-01-07
1357,2023-01-28
1358,2023-01-10
1359,2023-01-06
1360,2023-01-27
1361,2023-01-06
1362,2023-01-24
1363,2023-01-17
1364,2023-01-27
1365,2023-01-09
1366,2023-01-19
1367,2023-01-29
1368,2023-01-22
1369,2023-01-19
1370,2023-01-07
1371,2023-01-19
1372,2023-01-01
1373,2023-01-17
1374,2023-01-25
1375,2023-01-19
1376,2023-01-06
1377,2023-01-14
1378,2023-01-30
1379,2023-01-03
1380,2023-01-08
1381,2023-01-25
1382,2023-01-16
1383,2023-01-22
1384,2023-01-04
1385,2023-01-29
1386,2023-01-11
1387,2023-01-01
1388,2023-01-10
1389,2023-01-22
1390,2023-01-22
1391,2023-01-04
1392,2023-01-13
1393,2023-01-12
1394,2023-01-19
1395,2023-01-30
1396,2023-01-31
1397,2023-01-04
1398,2023-01-27
1399,2023-01-11
1400,2023-01-05
1401,2023-01-01
1402,2023-01-03
1403,2023-01-15
1404,2023-01-27
1405,2023-01-23
1406,2023-01-22
1407,2023-01-16
1408,2023-01-15
1409,2023-01-21
1410,2023-01-31
1411,2023-01-09
1412,2023-01-20
1413,2023-01-22
1414,2023-01-01
1415,2023-01-11
1416,2023-01-02
1417,2023-01-21
1418,2023-01-20
1419,2023-01-31
1420,2023-01-15
1421,2023-01-11
1422,2023-01-31
1423,2023-01-24
1424,2023-01-24
1425,2023-01-30
1426,2023-01-31
1427,2023-01-26
1428,2023-01-19
1429,2023-01-05
1430,2023-01-07
1431,2023-01-28
1432,2023-01-02
1433,2023-01-26
1434,2023-01-21
1435,2023-01-10
1436,2023-01-11
1437,2023-01-26
1438,2023-01-02
1439,2023-01-24
1440,2023-01-03
1441,2023-01-18
1442,2023-01-31
1443,2023-01-20
1444,2023-01-13
1445,2023-01-03
1446,2023-01-13
1447,2023-01-09
1448,2023-01-06
1449,2023-01-08
1450,2023-01-31
1451,2023-01-25
1452,2023-01-28
1453,2023-01-13
1454,2023-01-03
1455,2023-01-01
1456,2023-01-28
1457,2023-01-07
1458,2023-01-06
1459,2023-01-13
1460,2023-01-25
1461,2023-01-13
1462,2023-01-10
1463,2023-01-21
1464,2023-01-25
1465,2023-01-31
1466,2023-01-21
1467,2023-01-05
1468,2023-01-04
1469,2023-01-10
1470,2023-01-16
1471,2023-01-26
1472,2023-01-14
1473,2023-01-24
1474,2023-01-26
1475,2023-01-30
1476,2023-01-10
1477,2023-01-29
1478,2023-01-22
1479,2023-01-20
1480,2023-01-05
1481,2023-01-12
1482,2023-01-22
1483,2023-01-04
1484,2023-01-27
1485,2023-01-12
1486,2023-01-17
1487,2023-01-07
1488,2023-01-16
1489,2023-01-15
1490,2023-01-29
1491,2023-01-13
1492,2023-01-16
1493,2023-01-09
1494,2023-01-19
1495,2023-01-20
1496,2023-01-14
1497,2023-01-03
1498,2023-01-25
1499,2023-01-14
1500,2023-01-26
1501,2023-01-12
1502,2023-01-20
1503,2023-01-06
1504,2023-01-14
1505,2023-01-21
1506,2023-01-14
1507,2023-01-03
1508,2023-01-02
1509,2023-01-17
1510,2023-01-11
1511,2023-01-15
1512,2023-01-22
1513,2023-01-08
1514,2023-01-21
1515,2023-01-22
1516,2023-01-23
1517,2023-01-05
1518,2023-01-30
1519,2023-01-16
1520,2023-01-17
1521,2023-01-21
1522,2023-01-21
1523,2023-01-17
1524,2023-01-03
1525,2023-01-10
1526,2023-01-15
1527,2023-01-14
1528,2023-01-03
1529,2023-01-30
1530,2023-01-26
1531,2023-01-16
1532,2023-01-10
1533,2023-01-05
1534,2023-01-05
1535,2023-01-22
1536,2023-01-29
1537,2023-01-10
1538,2023-01-27
1539,2023-01-08
1540,2023-01-17
1541,2023-01-14
1542,2023-01-10
1543,2023-01-19
1544,2023-01-02
1545,2023-01-18
1546,2023-01-03
1547,2023-01-30
1548,2023-01-02
1549,2023-01-17
1550,2023-01-04
1551,2023-01-17
1552,2023-01-14
1553,2023-01-14
1554,2023-01-04
1555,2023-01-15
1556,2023-01-22
1557,2023-01-24
1558,2023-01-19
1559,2023-01-27
1560,2023-01-09
1561,2023-01-12
1562,2023-01-09
1563,2023-01-19
1564,2023-01-03
1565,2023-01-25
1566,2023-01-17
1567,2023-01-01
1568,2023-01-04
1569,2023-01-24
1570,2023-01-22
1571,2023-01-15
1572,2023-01-06
1573,2023-01-26
1574,2023-01-06
1575,2023-01-27
1576,2023-01-13
1577,2023-01-02
1578,2023-01-03
1579,2023-01-14
1580,2023-01-29
1581,2023-01-23
1582,2023-01-10
1583,2023-01-11
1584,2023-01-19
1585,2023-01-24
1586,2023-01-15
1587,2023-01-25
1588,2023-01-22
1589,2023-01-15
1590,2023-01-20
1591,2023-01-26
1592,2023-01-09
1593,2023-01-11
1594,2023-01-31
1595,2023-01-30
1596,2023-01-28
1597,2023-01-26
1598,2023-01-06
1599,2023-01-07
1600,2023-01-06
1601,2023-01-03
1602,2023-01-24
1603,2023-01-20
1604,2023-01-09
1605,2023-01-28
1606,2023-01-22
1607,2023-01-04
1608,2023-01-14
1609,2023-01-18
1610,2023-01-01
1611,2023-01-01
1612,2023-01-13
1613,2023-01-04
1614,2023-01-01
1615,2023-01-06
1616,2023-01-21
1617,2023-01-16
1618,2023-01-15
1619,2023-01-23
1620,2023-01-13
1621,2023-01-28
1622,2023-01-22
1623,2023-01-31
1624,2023-01-24
1625,2023-01-20
1626,2023-01-24
1627,2023-01-16
1628,2023-01-10
1629,2023-01-20
1630,2023-01-27
1631,2023-01-20
1632,2023-01-12
1633,2023-01-23
1634,2023-01-22
1635,2023-01-31
1636,2023-01-23
1637,2023-01-22
1638,2023-01-13
1639,2023-01-26
1640,2023-01-10
1641,2023-01-03
1642,2023-01-05
1643,2023-01-05
1644,2023-01-01
1645,2023-01-07
1646,2023-01-04
1647,2023-01-27
1648,2023-01-01
1649,2023-01-23
1650,2023-01-07
1651,2023-01-28
1652,2023-01-01
1653,2023-01-07
1654,2023-01-16
1655,2023-01-21
1656,2023-01-05
1657,2023-01-21
1658,2023-01-08
1659,2023-01-14
1660,2023-01-27
1661,2023-01-21
1662,2023-01-28
1663,2023-01-26
1664,2023-01-18
1665,2023-01-07
1666,2023-01-03
1667,2023-01-10
1668,2023-01-25
1669,2023-01-15
1670,2023-01-05
1671,2023-01-16
1672,2023-01-14
1673,2023-01-01
1674,2023-01-04
1675,2023-01-06
1676,2023-01-29
1677,2023-01-05
1678,2023-01-24
1679,2023-01-23
1680,2023-01-15
1681,2023-01-31
1682,2023-01-16
1683,2023-01-16
1684,2023-01-01
1685,2023-01-28
1686,2023-01-15
1687,2023-01-19
1688,2023-01-08
1689,2023-01-07
1690,2023-01-10
1691,2023-01-19
1692,2023-01-27
1693,2023-01-27
1694,2023-01-13
1695,2023-01-02
1696,2023-01-11
1697,2023-01-01
1698,2023-01-04
1699,2023-01-21
1700,2023-01-28
1701,2023-01-23
1702,2023-01-14
1703,2023-01-14
1704,2023-01-28
1705,2023-01-16
1706,2023-01-24
1707,2023-01-19
1708,2023-01-20
1709,2023-01-24
1710,2023-01-18
1711,2023-01-10
1712,2023-01-02
1713,2023-01-16
1714,2023-01-13
1715,2023-01-16
1716,2023-01-17
1717,2023-01-19
1718,2023-01-24
1719,2023-01-20
1720,2023-01-30
1721,2023-01-22
1722,2023-01-29
1723,2023-01-27
1724,2023-01-28
1725,2023-01-16
1726,2023-01-08
1727,2023-01-23
1728,2023-01-02
1729,2023-01-17
1730,2023-01-01
1731,2023-01-14
1732,2023-01-19
1733,2023-01-11
1734,2023-01-18
1735,2023-01-03
1736,2023-01-09
1737,2023-01-29
1738,2023-01-21
1739,2023-01-14
1740,2023-01-29
1741,2023-01-16
1742,2023-01-04
1743,2023-01-16
1744,2023-01-20
1745,2023-01-31
1746,2023-01-21
1747,2023-01-12
1748,2023-01-15
1749,2023-01-23
1750,2023-01-14
1751,2023-01-01
1752,2023-01-06
1753,2023-01-10
1754,2023-01-24
1755,2023-01-07
1756,2023-01-16
1757,2023-01-12
1758,2023-01-15
1759,2023-01-08
1760,2023-01-17
1761,2023-01-08
1762,2023-01-19
1763,2023-01-30
1764,2023-01-22
1765,2023-01-11
1766,2023-01-30
1767,2023-01-20
1768,2023-01-28
1769,2023-01-27
1770,2023-01-23
1771,2023-01-22
1772,2023-01-15
1773,2023-01-05
1774,2023-01-29
1775,2023-01-10
1776,2023-01-24
1777,2023-01-23
1778,2023-01-13
1779,2023-01-31
1780,2023-01-14
1781,2023-01-27
1782,2023-01-31
1783,2023-01-22
1784,2023-01-21
1785,2023-01-24
1786,2023-01-12
1787,2023-01-26
1788,2023-01-16
1789,2023-01-26
1790,2023-01-28
1791,2023-01-06
1792,2023-01-20
1793,2023-01-07
1794,2023-01-10
1795,2023-01-23
1796,2023-01-24
1797,2023-01-03
1798,2023-01-22
1799,2023-01-16
1800,2023-01-05
1801,2023-01-06
1802,2023-01-07
1803,2023-01-06
1804,2023-01-20
1805,2023-01-16
1806,2023-01-04
1807,2023-01-26
1808,2023-01-14
1809,2023-01-31
1810,2023-01-16
1811,2023-01-10
1812,2023-01-08
1813,2023-01-07
1814,2023-01-18
1815,2023-01-02
1816,2023-01-01
1817,2023-01-12
1818,2023-01-29
1819,2023-01-09
1820,2023-01-12
1821,2023-01-22
1822,2023-01-06
1823,2023-01-06
1824,2023-01-27
1825,2023-01-28
1826,2023-01-29
1827,2023-01-17
1828,2023-01-02
1829,2023-01-26
1830,2023-01-03
1831,2023-01-11
1832,2023-01-14
1833,2023-01-04
1834,2023-01-20
1835,2023-01-08
1836,2023-01-04
1837,2023-01-18
1838,2023-01-08
1839,2023-01-16
1840,2023-01-09
1841,2023-01-11
1842,2023-01-26
1843,2023-01-12
1844,2023-01-25
1845,2023-01-02
1846,2023-01-25
1847,2023-01-29
1848,2023-01-18
1849,2023-01-09
1850,2023-01-29
1851,2023-01-05
1852,2023-01-28
1853,2023-01-23
1854,2023-01-28
1855,2023-01-17
1856,2023-01-20
1857,2023-01-22
1858,2023-01-04
1859,2023-01-23
1860,2023-01-02
1861,2023-01-30
1862,2023-01-31
1863,2023-01-15
1864,2023-01-26
1865,2023-01-15
1866,2023-01-31
1867,2023-01-27
1868,2023-01-25
1869,2023-01-04
1870,2023-01-04
1871,2023-01-26
1872,2023-01-20
1873,2023-01-20
1874,2023-01-26
1875,2023-01-28
1876,2023-01-31
1877,2023-01-04
1878,2023-01-27
1879,2023-01-18
1880,2023-01-02
1881,2023-01-17
1882,2023-01-04
1883,2023-01-06
1884,2023-01-21
1885,2023-01-04
1886,2023-01-28
1887,2023-01-07
1888,2023-01-30
1889,2023-01-12
1890,2023-01-06
1891,2023-01-24
1892,2023-01-10
1893,2023-01-23
1894,2023-01-15
1895,2023-01-25
1896,2023-01-17
1897,2023-01-16
1898,2023-01-24
1899,2023-01-28
1900,2023-01-04
1901,2023-01-05
1902,2023-01-21
1903,2023-01-12
1904,2023-01-11
1905,2023-01-27
1906,2023-01-05
1907,2023-01-04
1908,2023-01-28
1909,2023-01-07
1910,2023-01-15
1911,2023-01-14
1912,2023-01-25
1913,2023-01-25
1914,2023-01-01
1915,2023-01-08
1916,2023-01-27
1917,2023-01-26
1918,2023-01-16
1919,2023-01-11
1920,2023-01-10
1921,2023-01-17
1922,2023-01-06
1923,2023-01-03
1924,2023-01-09
1925,2023-01-12
1926,2023-01-23
1927,2023-01-25
1928,2023-01-14
1929,2023-01-12
1930,2023-01-21
1931,2023-01-22
1932,2023-01-08
1933,2023-01-05
1934,2023-01-25
1935,2023-01-25
1936,2023-01-17
1937,2023-01-14
1938,2023-01-26
1939,2023-01-08
1940,2023-01-05
1941,2023-01-26
1942,2023-01-14
1943,2023-01-14
1944,2023-01-30
1945,2023-01-14
1946,2023-01-29
1947,2023-01-15
1948,2023-01-31
1949,2023-01-28
1950,2023-01-17
1951,2023-01-26
1952,2023-01-22
1953,2023-01-12
1954,2023-01-31
1955,2023-01-01
1956,2023-01-15
1957,2023-01-05
1958,2023-01-25
1959,2023-01-01
1960,2023-01-23
1961,2023-01-26
1962,2023-01-17
1963,2023-01-31
1964,2023-01-03
1965,2023-01-03
1966,2023-01-11
1967,2023-01-11
1968,2023-01-13
1969,2023-01-25
1970,2023-01-06
1971,2023-01-14
1972,2023-01-02
1973,2023-01-13
1974,2023-01-25
1975,2023-01-02
1976,2023-01-22
1977,2023-01-30
1978,2023-01-21
1979,2023-01-05
1980,2023-01-29
1981,2023-01-19
1982,2023-01-02
1983,2023-01-21
1984,2023-01-23
1985,2023-01-26
1986,2023-01-22
1987,2023-01-29
1988,2023-01-17
1989,2023-01-10
1990,2023-01-14
1991,2023-01-13
1992,2023-01-29
1993,2023-01-22
1994,2023-01-23
1995,2023-01-18
1996,2023-01-28
1997,2023-01-10
1998,2023-01-24
1999,2023-01-24
2000,2023-01-11
2001,2023-01-30
2002,2023-01-12
2003,2023-01-01
2004,2023-01-27
2005,2023-01-09
2006,2023-01-29
2007,2023-01-17
2008,2023-01-20
2009,2023-01-30
2010,2023-01-05
2011,2023-01-23
2012,2023-01-13
2013,2023-01-15
2014,2023-01-21
2015,2023-01-07
2016,2023-01-29
2017,2023-01-18
2018,2023-01-20
2019,2023-01-26
2020,2023-01-20
2021,2023-01-21
2022,2023-01-15
2023,2023-01-23
2024,2023-01-12
2025,2023-01-29
2026,2023-01-26
2027,2023-01-26
2028,2023-01-21
2029,2023-01-13
2030,2023-01-25
2031,2023-01-07
2032,2023-01-29
2033,2023-01-10
2034,2023-01-03
2035,2023-01-02
2036,2023-01-18
2037,2023-01-11
2038,2023-01-13
2039,2023-01-24
2040,2023-01-24
2041,2023-01-24
2042,2023-01-29
2043,2023-01-05
2044,2023-01-17
2045,2023-01-18
2046,2023-01-10
2047,2023-01-07
2048,2023-01-03
2049,2023-01-17
2050,2023-01-18
2051,2023-01-10
2052,2023-01-17
2053,2023-01-11
2054,2023-01-25
2055,2023-01-21
2056,2023-01-06
2057,2023-01-01
2058,2023-01-01
2059,2023-01-29
2060,2023-01-26
2061,2023-01-18
2062,2023-01-19
2063,2023-01-09
2064,2023-01-08
2065,2023-01-27
2066,2023-01-25
2067,2023-01-10
2068,2023-01-24
2069,2023-01-14
2070,2023-01-17
2071,2023-01-04
2072,2023-01-24
2073,2023-01-02
2074,2023-01-27
2075,2023-01-12
2076,2023-01-09
2077,2023-01-21
2078,2023-01-17
2079,2023-01-12
2080,2023-01-04
2081,2023-01-02
2082,2023-01-25
2083,2023-01-21
2084,2023-01-31
2085,2023-01-04
2086,2023-01-15
2087,2023-01-10
2088,2023-01-19
2089,2023-01-24
2090,2023-01-01
2091,2023-01-15
2092,2023-01-11
2093,2023-01-08
2094,2023-01-26
2095,2023-01-24
2096,2023-01-19
2097,2023-01-19
2098,2023-01-23
2099,2023-01-29
2100,2023-01-31
2101,2023-01-21
2102,2023-01-22
2103,2023-01-18
2104,2023-01-28
2105,2023-01-20
2106,2023-01-08
2107,2023-01-12
2108,2023-01-10
2109,2023-01-10
2110,2023-01-22
2111,2023-01-26
2112,2023-01-27
2113,2023-01-23
2114,2023-01-19
2115,2023-01-22
2116,2023-01-05
2117,2023-01-23
2118,2023-01-13
2119,2023-01-17
2120,2023-01-24
2121,2023-01-08
2122,2023-01-04
2123,2023-01-11
2124,2023-01-17
2125,2023-01-19
2126,2023-01-07
2127,2023-01-27
2128,2023-01-25
2129,2023-01-12
2130,2023-01-15
2131,2023-01-04
2132,2023-01-05
2133,2023-01-23
2134,2023-01-14
2135,2023-01-27
2136,2023-01-14
2137,2023-01-03
2138,2023-01-03
2139,2023-01-02
2140,2023-01-14
2141,2023-01-29
2142,2023-01-05
2143,2023-01-16
2144,2023-01-07
2145,2023-01-15
2146,2023-01-03
2147,2023-01-12
2148,2023-01-22
2149,2023-01-17
2150,2023-01-13
2151,2023-01-19
2152,2023-01-18
2153,2023-01-17
2154,2023-01-25
2155,2023-01-13
2156,2023-01-28
2157,2023-01-09
2158,2023-01-19
2159,2023-01-16
2160,2023-01-21
2161,2023-01-14
2162,2023-01-15
2163,2023-01-23
2164,2023-01-30
2165,2023-01-31
2166,2023-01-16
2167,2023-01-24
2168,2023-01-14
2169,2023-01-27
2170,2023-01-06
2171,2023-01-05
2172,2023-01-17
2173,2023-01-05
2174,2023-01-16
2175,2023-01-23
2176,2023-01-15
2177,2023-01-05
2178,2023-01-31
2179,2023-01-23
2180,2023-01-17
2181,2023-01-28
2182,2023-01-17
2183,2023-01-04
2184,2023-01-23
2185,2023-01-07
2186,2023-01-15
2187,2023-01-16
2188,2023-01-02
2189,2023-01-24
2190,2023-01-06
2191,2023-01-31
2192,2023-01-18
2193,2023-01-12
2194,2023-01-30
2195,2023-01-31
2196,2023-01-04
2197,2023-01-20
2198,2023-01-28
2199,2023-01-14
2200,2023-01-04
2201,2023-01-04
2202,2023-01-12
2203,2023-01-19
2204,2023-01-10
2205,2023-01-02
2206,2023-01-17
2207,2023-01-05
2208,2023-01-04
2209,2023-01-12
2210,2023-01-10
2211,2023-01-12
2212,2023-01-10
2213,2023-01-10
2214,2023-01-16
2215,2023-01-01
2216,2023-01-26
2217,2023-01-05
2218,2023-01-05
2219,2023-01-26
2220,2023-01-19
2221,2023-01-14
2222,2023-01-02
2223,2023-01-30
2224,2023-01-29
2225,2023-01-10
2226,2023-01-29
2227,2023-01-10
2228,2023-01-07
2229,2023-01-06
2230,2023-01-27
2231,2023-01-24
2232,2023-01-16
2233,2023-01-01
2234,2023-01-04
2235,2023-01-18
2236,2023-01-12
2237,2023-01-03
2238,2023-01-28
2239,2023-01-02
2240,2023-01-14
2241,2023-01-16
2242,2023-01-19
2243,2023-01-10
2244,2023-01-19
2245,2023-01-15
2246,2023-01-29
2247,2023-01-11
2248,2023-01-26
2249,2023-01-13
2250,2023-01-16
2251,2023-01-27
2252,2023-01-24
2253,2023-01-27
2254,2023-01-20
2255,2023-01-05
2256,2023-01-25
2257,2023-01-05
2258,2023-01-17
2259,2023-01-21
2260,2023-01-15
2261,2023-01-25
2262,2023-01-15
2263,2023-01-22
2264,2023-01-15
2265,2023-01-05
2266,2023-01-28
2267,2023-01-24
2268,2023-01-11
2269,2023-01-03
2270,2023-01-26
2271,2023-01-20
2272,2023-01-22
2273,2023-01-20
2274,2023-01-14
2275,2023-01-13
2276,2023-01-08
2277,2023-01-29
2278,2023-01-13
2279,2023-01-11
2280,2023-01-18
2281,2023-01-02
2282,2023-01-31
2283,2023-01-22
2284,2023-01-29
2285,2023-01-15
2286,2023-01-24
2287,2023-01-09
2288,2023-01-21
2289,2023-01-03
2290,2023-01-28
2291,2023-01-06
2292,2023-01-23
2293,2023-01-01
2294,2023-01-19
2295,2023-01-21
2296,2023-01-26
2297,2023-01-25
2298,2023-01-23
2299,2023-01-10
2300,2023-01-18
2301,2023-01-21
2302,2023-01-04
2303,2023-01-21
2304,2023-01-18
2305,2023-01-03
2306,2023-01-07
2307,2023-01-31
2308,2023-01-20
2309,2023-01-18
2310,2023-01-19
2311,2023-01-25
2312,2023-01-02
2313,2023-01-31
2314,2023-01-19
2315,2023-01-17
2316,2023-01-07
2317,2023-01-25
2318,2023-01-16
2319,2023-01-17
2320,2023-01-29
2321,2023-01-01
2322,2023-01-04
2323,2023-01-22
2324,2023-01-30
2325,2023-01-18
2326,2023-01-06
2327,2023-01-31
2328,2023-01-01
2329,2023-01-09
2330,2023-01-26
2331,2023-01-07
2332,2023-01-08
2333,2023-01-27
2334,2023-01-23
2335,2023-01-27
2336,2023-01-29
2337,2023-01-19
2338,2023-01-15
2339,2023-01-03
2340,2023-01-26
2341,2023-01-18
2342,2023-01-20
2343,2023-01-11
2344,2023-01-13
2345,2023-01-19
2346,2023-01-02
2347,2023-01-16
2348,2023-01-28
2349,2023-01-30
2350,2023-01-01
2351,2023-01-11
2352,2023-01-14
2353,2023-01-06
2354,2023-01-14
2355,2023-01-01
2356,2023-01-28
2357,2023-01-17
2358,2023-01-11
2359,2023-01-13
2360,2023-01-09
2361,2023-01-03
2362,2023-01-04
2363,2023-01-04
2364,2023-01-18
2365,2023-01-06
2366,2023-01-10
2367,2023-01-05
2368,2023-01-06
2369,2023-01-09
2370,2023-01-25
2371,2023-01-03
2372,2023-01-05
2373,2023-01-10
2374,2023-01-31
2375,2023-01-14
2376,2023-01-22
2377,2023-01-06
2378,2023-01-02
2379,2023-01-20
2380,2023-01-31
2381,2023-01-11
2382,2023-01-06
2383,2023-01-01
2384,2023-01-23
2385,2023-01-02
2386,2023-01-10
2387,2023-01-13
2388,2023-01-04
2389,2023-01-11
2390,2023-01-05
2391,2023-01-14
2392,2023-01-29
2393,2023-01-11
2394,2023-01-09
2395,2023-01-13
2396,2023-01-31
2397,2023-01-27
2398,2023-01-29
2399,2023-01-04
2400,2023-01-02
2401,2023-01-07
2402,2023-01-08
2403,2023-01-25
2404,2023-01-20
2405,2023-01-19
2406,2023-01-08
2407,2023-01-16
2408,2023-01-17
2409,2023-01-25
2410,2023-01-17
2411,2023-01-13
2412,2023-01-31
2413,2023-01-04
2414,2023-01-09
2415,2023-01-02
2416,2023-01-11
2417,2023-01-15
2418,2023-01-18
2419,2023-01-14
2420,2023-01-03
2421,2023-01-16
2422,2023-01-01
2423,2023-01-14
2424,2023-01-21
2425,2023-01-08
2426,2023-01-30
2427,2023-01-29
2428,2023-01-01
2429,2023-01-09
2430,2023-01-18
2431,2023-01-31
2432,2023-01-19
2433,2023-01-22
2434,2023-01-04
2435,2023-01-08
2436,2023-01-25
2437,2023-01-18
2438,2023-01-21
2439,2023-01-26
2440,2023-01-05
2441,2023-01-10
2442,2023-01-19
2443,2023-01-14
2444,2023-01-15
2445,2023-01-03
2446,2023-01-28
2447,2023-01-21
2448,2023-01-17
2449,2023-01-07
2450,2023-01-26
2451,2023-01-31
2452,2023-01-05
2453,2023-01-12
2454,2023-01-18
2455,2023-01-06
2456,2023-01-26
2457,2023-01-08
2458,2023-01-18
2459,2023-01-31
2460,2023-01-14
2461,2023-01-31
2462,2023-01-30
2463,2023-01-18
2464,2023-01-15
2465,2023-01-02
2466,2023-01-01
2467,2023-01-27
2468,2023-01-15
2469,2023-01-31
2470,2023-01-27
2471,2023-01-20
2472,2023-01-10
2473,2023-01-21
2474,2023-01-06
2475,2023-01-01
2476,2023-01-02
2477,2023-01-30
2478,2023-01-30
2479,2023-01-16
2480,2023-01-09
2481,2023-01-20
2482,2023-01-09
2483,2023-01-27
2484,2023-01-22
2485,2023-01-13
2486,2023-01-12
2487,2023-01-27
2488,2023-01-21
2489,2023-01-07
2490,2023-01-19
2491,2023-01-27
2492,2023-01-17
2493,2023-01-10
2494,2023-01-02
2495,2023-01-06
2496,2023-01-24
2497,2023-01-18
2498,2023-01-19
2499,2023-01-03
2500,2023-01-10
2501,2023-01-03
2502,2023-01-13
2503,2023-01-23
2504,2023-01-04
2505,2023-01-27
2506,2023-01-05
2507,2023-01-24
2508,2023-01-18
2509,2023-01-09
2510,2023-01-29
2511,2023-01-14
2512,2023-01-07
2513,2023-01-20
2514,2023-01-17
2515,2023-01-31
2516,2023-01-26
2517,2023-01-11
2518,2023-01-29
2519,2023-01-22
2520,2023-01-31
2521,2023-01-11
2522,2023-01-21
2523,2023-01-09
2524,2023-01-25
2525,2023-01-23
2526,2023-01-15
2527,2023-01-09
2528,2023-01-08
2529,2023-01-22
2530,2023-01-11
2531,2023-01-11
2532,2023-01-07
2533,2023-01-15
2534,2023-01-31
2535,2023-01-20
2536,2023-01-11
2537,2023-01-01
2538,2023-01-30
2539,2023-01-23
2540,2023-01-05
2541,2023-01-21
2542,2023-01-30
2543,2023-01-01
2544,2023-01-20
2545,2023-01-16
2546,2023-01-01
2547,2023-01-29
2548,2023-01-01
2549,2023-01-22
2550,2023-01-06
2551,2023-01-14
2552,2023-01-18
2553,2023-01-29
2554,2023-01-23
2555,2023-01-23
2556,2023-01-16
2557,2023-01-25
2558,2023-01-13
2559,2023-01-18
2560,2023-01-03
2561,2023-01-26
2562,2023-01-29
2563,2023-01-21
2564,2023-01-21
2565,2023-01-03
2566,2023-01-18
2567,2023-01-01
2568,2023-01-29
2569,2023-01-27
2570,2023-01-27
2571,2023-01-22
2572,2023-01-15
2573,2023-01-22
2574,2023-01-04
2575,2023-01-12
2576,2023-01-27
2577,2023-01-13
2578,2023-01-27
2579,2023-01-20
2580,2023-01-12
2581,2023-01-13
2582,2023-01-06
2583,2023-01-27
2584,2023-01-25
2585,2023-01-26
2586,2023-01-23
2587,2023-01-01
2588,2023-01-04
2589,2023-01-15
2590,2023-01-12
2591,2023-01-30
2592,2023-01-07
2593,2023-01-15
2594,2023-01-01
2595,2023-01-08
2596,2023-01-24
2597,2023-01-01
2598,2023-01-25
2599,2023-01-09
2600,2023-01-22
2601,2023-01-30
2602,2023-01-23
2603,2023-01-12
2604,2023-01-07
2605,2023-01-03
2606,2023-01-27
2607,2023-01-20
2608,2023-01-21
2609,2023-01-10
2610,2023-01-26
2611,2023-01-23
2612,2023-01-08
2613,2023-01-08
2614,2023-01-16
2615,2023-01-31
2616,2023-01-12
2617,2023-01-02
2618,2023-01-09
2619,2023-01-16
2620,2023-01-29
2621,2023-01-23
2622,2023-01-23
2623,2023-01-20
2624,2023-01-07
2625,2023-01-01
2626,2023-01-07
2627,2023-01-27
2628,2023-01-21
2629,2023-01-13
2630,2023-01-04
2631,2023-01-28
2632,2023-01-09
2633,2023-01-19
2634,2023-01-17
2635,2023-01-16
2636,2023-01-06
2637,2023-01-18
2638,2023-01-07
2639,2023-01-22
2640,2023-01-24
2641,2023-01-19
2642,2023-01-22
2643,2023-01-22
2644,2023-01-20
2645,2023-01-19
2646,2023-01-06
2647,2023-01-03
2648,2023-01-19
2649,2023-01-05
2650,2023-01-24
2651,2023-01-03
2652,2023-01-05
2653,2023-01-09
2654,2023-01-30
2655,2023-01-19
2656,2023-01-28
2657,2023-01-08
2658,2023-01-29
2659,2023-01-17
2660,2023-01-24
2661,2023-01-26
2662,2023-01-09
2663,2023-01-07
2664,2023-01-28
2665,2023-01-22
2666,2023-01-01
2667,2023-01-23
2668,2023-01-22
2669,2023-01-18
2670,2023-01-20
2671,2023-01-09
2672,2023-01-22
2673,2023-01-18
2674,2023-01-29
2675,2023-01-15
2676,2023-01-01
2677,2023-01-31
2678,2023-01-14
2679,2023-01-21
2680,2023-01-22
2681,2023-01-31
2682,2023-01-21
2683,2023-01-02
2684,2023-01-28
2685,2023-01-31
2686,2023-01-11
2687,2023-01-14
2688,2023-01-28
2689,2023-01-14
2690,2023-01-09
2691,2023-01-04
2692,2023-01-22
2693,2023-01-17
2694,2023-01-15
2695,2023-01-16
2696,2023-01-12
2697,2023-01-17
2698,2023-01-25
2699,2023-01-02
2700,2023-01-29
2701,2023-01-24
2702,2023-01-08
2703,2023-01-02
2704,2023-01-09
2705,2023-01-30
2706,2023-01-14
2707,2023-01-18
2708,2023-01-15
2709,2023-01-11
2710,2023-01-01
2711,2023-01-13
2712,2023-01-07
2713,2023-01-11
2714,2023-01-03
2715,2023-01-29
2716,2023-01-19
2717,2023-01-26
2718,2023-01-01
2719,2023-01-24
2720,2023-01-08
2721,2023-01-23
2722,2023-01-14
2723,2023-01-31
2724,2023-01-03
2725,2023-01-30
2726,2023-01-08
2727,2023-01-07
2728,2023-01-06
2729,2023-01-11
2730,2023-01-10
2731,2023-01-03
2732,2023-01-21
2733,2023-01-21
2734,2023-01-04
2735,2023-01-01
2736,2023-01-16
2737,2023-01-14
2738,2023-01-26
2739,2023-01-01
2740,2023-01-19
2741,2023-01-26
2742,2023-01-21
2743,2023-01-30
2744,2023-01-11
2745,2023-01-27
2746,2023-01-09
2747,2023-01-08
2748,2023-01-04
2749,2023-01-16
2750,2023-01-08
2751,2023-01-31
2752,2023-01-11
2753,2023-01-27
2754,2023-01-02
2755,2023-01-27
2756,2023-01-11
2757,2023-01-17
2758,2023-01-26
2759,2023-01-08
2760,2023-01-31
2761,2023-01-03
2762,2023-01-25
2763,2023-01-20
2764,2023-01-20
2765,2023-01-15
2766,2023-01-25
2767,2023-01-04
2768,2023-01-21
2769,2023-01-15
2770,2023-01-19
2771,2023-01-04
2772,2023-01-03
2773,2023-01-02
2774,2023-01-30
2775,2023-01-02
2776,2023-01-13
2777,2023-01-11
2778,2023-01-29
2779,2023-01-28
2780,2023-01-23
2781,2023-01-03
2782,2023-01-26
2783,2023-01-05
2784,2023-01-02
2785,2023-01-30
2786,2023-01-26
2787,2023-01-15
2788,2023-01-02
2789,2023-01-10
2790,2023-01-20
2791,2023-01-21
2792,2023-01-14
2793,2023-01-03
2794,2023-01-04
2795,2023-01-22
2796,2023-01-02
2797,2023-01-18
2798,2023-01-02
2799,2023-01-10
2800,2023-01-28
2801,2023-01-13
2802,2023-01-13
2803,2023-01-04
2804,2023-01-20
2805,2023-01-25
2806,2023-01-14
2807,2023-01-08
2808,2023-01-28
2809,2023-01-20
2810,2023-01-26
2811,2023-01-22
2812,2023-01-20
2813,2023-01-01
2814,2023-01-15
2815,2023-01-13
2816,2023-01-15
2817,2023-01-26
2818,2023-01-14
2819,2023-01-29
2820,2023-01-20
2821,2023-01-20
2822,2023-01-04
2823,2023-01-11
2824,2023-01-21
2825,2023-01-31
2826,2023-01-22
2827,2023-01-26
2828,2023-01-01
2829,2023-01-15
2830,2023-01-17
2831,2023-01-11
2832,2023-01-19
2833,2023-01-07
2834,2023-01-04
2835,2023-01-04
2836,2023-01-01
2837,2023-01-20
2838,2023-01-23
2839,2023-01-03
2840,2023-01-19
2841,2023-01-26
2842,2023-01-27
2843,2023-01-07
2844,2023-01-29
2845,2023-01-19
2846,2023-01-05
2847,2023-01-21
2848,2023-01-17
2849,2023-01-09
2850,2023-01-12
2851,2023-01-14
2852,2023-01-16
2853,2023-01-24
2854,2023-01-20
2855,2023-01-15
2856,2023-01-06
2857,2023-01-08
2858,2023-01-05
2859,2023-01-26
2860,2023-01-02
2861,2023-01-02
2862,2023-01-05
2863,2023-01-10
2864,2023-01-19
2865,2023-01-14
2866,2023-01-17
2867,2023-01-31
2868,2023-01-21
2869,2023-01-25
2870,2023-01-12
2871,2023-01-10
2872,2023-01-19
2873,2023-01-29
2874,2023-01-18
2875,2023-01-25
2876,2023-01-05
2877,2023-01-05
2878,2023-01-16
2879,2023-01-10
2880,2023-01-20
2881,2023-01-11
2882,2023-01-10
2883,2023-01-12
2884,2023-01-01
2885,2023-01-17
2886,2023-01-19
2887,2023-01-22
2888,2023-01-22
2889,2023-01-05
2890,2023-01-02
2891,2023-01-08
2892,2023-01-17
2893,2023-01-27
2894,2023-01-27
2895,2023-01-18
2896,2023-01-28
2897,2023-01-02
2898,2023-01-14
2899,2023-01-12
2900,2023-01-07
2901,2023-01-07
2902,2023-01-21
2903,2023-01-30
2904,2023-01-07
2905,2023-01-26
2906,2023-01-03
2907,2023-01-11
2908,2023-01-07
2909,2023-01-22
2910,2023-01-16
2911,2023-01-23
2912,2023-01-23
2913,2023-01-15
2914,2023-01-20
2915,2023-01-23
2916,2023-01-11
2917,2023-01-28
2918,2023-01-19
2919,2023-01-19
2920,2023-01-31
2921,2023-01-11
2922,2023-01-20
2923,2023-01-10
2924,2023-01-14
2925,2023-01-11
2926,2023-01-06
2927,2023-01-04
2928,2023-01-15
2929,2023-01-29
2930,2023-01-26
2931,2023-01-30
2932,2023-01-02
2933,2023-01-16
2934,2023-01-08
2935,2023-01-30
2936,2023-01-01
2937,2023-01-21
2938,2023-01-08
2939,2023-01-23
2940,2023-01-08
2941,2023-01-15
2942,2023-01-20
2943,2023-01-07
2944,2023-01-08
2945,2023-01-16
2946,2023-01-24
2947,2023-01-25
2948,2023-01-31
2949,2023-01-27
2950,2023-01-11
2951,2023-01-26
2952,2023-01-24
2953,2023-01-13
2954,2023-01-07
2955,2023-01-13
2956,2023-01-06
2957,2023-01-27
2958,2023-01-01
2959,2023-01-12
2960,2023-01-01
2961,2023-01-03
2962,2023-01-12
2963,2023-01-01
2964,2023-01-18
2965,2023-01-04
2966,2023-01-05
2967,2023-01-10
2968,2023-01-15
2969,2023-01-07
2970,2023-01-21
2971,2023-01-19
2972,2023-01-30
2973,2023-01-25
2974,2023-01-12
2975,2023-01-02
2976,2023-01-01
2977,2023-01-07
2978,2023-01-07
2979,2023-01-10
2980,2023-01-06
2981,2023-01-08
2982,2023-01-29
2983,2023-01-09
2984,2023-01-24
2985,2023-01-06
2986,2023-01-11
2987,2023-01-28
2988,2023-01-18
2989,2023-01-08
2990,2023-01-06
2991,2023-01-07
2992,2023-01-01
2993,2023-01-06
2994,2023-01-27
2995,2023-01-09
2996,2023-01-30
2997,2023-01-04
2998,2023-01-01
2999,2023-01-27
3000,2023-01-22
3001,2023-01-05
3002,2023-01-13
3003,2023-01-21
3004,2023-01-26
3005,2023-01-29
3006,2023-01-04
3007,2023-01-11
3008,2023-01-30
3009,2023-01-07
3010,2023-01-10
3011,2023-01-15
3012,2023-01-08
3013,2023-01-12
3014,2023-01-26
3015,2023-01-12
3016,2023-01-22
3017,2023-01-06
3018,2023-01-31
3019,2023-01-17
3020,2023-01-26
3021,2023-01-20
3022,2023-01-29
3023,2023-01-14
3024,2023-01-29
3025,2023-01-23
3026,2023-01-03
3027,2023-01-04
3028,2023-01-05
3029,2023-01-29
3030,2023-01-30
3031,2023-01-05
3032,2023-01-26
3033,2023-01-07
3034,2023-01-07
3035,2023-01-18
3036,2023-01-13
3037,2023-01-23
3038,2023-01-12
3039,2023-01-11
3040,2023-01-20
3041,2023-01-14
3042,2023-01-21
3043,2023-01-08
3044,2023-01-30
3045,2023-01-02
3046,2023-01-25
3047,2023-01-20
3048,2023-01-19
3049,2023-01-07
3050,2023-01-28
3051,2023-01-18
3052,2023-01-10
3053,2023-01-26
3054,2023-01-05
3055,2023-01-11
3056,2023-01-08
3057,2023-01-02
3058,2023-01-21
3059,2023-01-26
3060,2023-01-09
3061,2023-01-28
3062,2023-01-05
3063,2023-01-28
3064,2023-01-17
3065,2023-01-31
3066,2023-01-19
3067,2023-01-29
3068,2023-01-16
3069,2023-01-07
3070,2023-01-24
3071,2023-01-03
3072,2023-01-26
3073,2023-01-16
3074,2023-01-26
3075,2023-01-22
3076,2023-01-20
3077,2023-01-03
3078,2023-01-06
3079,2023-01-17
3080,2023-01-13
3081,2023-01-25
3082,2023-01-29
3083,2023-01-21
3084,2023-01-25
3085,2023-01-17
3086,2023-01-12
3087,2023-01-16
3088,2023-01-17
3089,2023-01-15
3090,2023-01-06
3091,2023-01-11
3092,2023-01-23
3093,2023-01-12
3094,2023-01-17
3095,2023-01-23
3096,2023-01-16
3097,2023-01-23
3098,2023-01-31
3099,2023-01-16
3100,2023-01-16
3101,2023-01-09
3102,2023-01-19
3103,2023-01-13
3104,2023-01-21
3105,2023-01-30
3106,2023-01-26
3107,2023-01-19
3108,2023-01-21
3109,2023-01-02
3110,2023-01-07
3111,2023-01-08
3112,2023-01-29
3113,2023-01-07
3114,2023-01-15
3115,2023-01-28
3116,2023-01-08
3117,2023-01-13
3118,2023-01-07
3119,2023-01-10
3120,2023-01-14
3121,2023-01-29
3122,2023-01-13
3123,2023-01-19
3124,2023-01-06
3125,2023-01-30
3126,2023-01-27
3127,2023-01-12
3128,2023-01-09
3129,2023-01-18
3130,2023-01-03
3131,2023-01-05
3132,2023-01-25
3133,2023-01-03
3134,2023-01-10
3135,2023-01-15
3136,2023-01-17
3137,2023-01-12
3138,2023-01-08
3139,2023-01-19
3140,2023-01-02
3141,2023-01-15
3142,2023-01-17
3143,2023-01-20
3144,2023-01-11
3145,2023-01-14
3146,2023-01-15
3147,2023-01-15
3148,2023-01-14
3149,2023-01-14
3150,2023-01-12
3151,2023-01-26
3152,2023-01-16
3153,2023-01-11
3154,2023-01-09
3155,2023-01-13
3156,2023-01-01
3157,2023-01-06
3158,2023-01-15
3159,2023-01-08
3160,2023-01-09
3161,2023-01-21
3162,2023-01-03
3163,2023-01-12
3164,2023-01-29
3165,2023-01-03
3166,2023-01-10
3167,2023-01-27
3168,2023-01-17
3169,2023-01-17
3170,2023-01-18
3171,2023-01-21
3172,2023-01-03
3173,2023-01-26
3174,2023-01-09
3175,2023-01-30
3176,2023-01-08
3177,2023-01-04
3178,2023-01-04
3179,2023-01-03
3180,2023-01-12
3181,2023-01-02
3182,2023-01-18
3183,2023-01-07
3184,2023-01-11
3185,2023-01-07
3186,2023-01-22
3187,2023-01-11
3188,2023-01-09
3189,2023-01-10
3190,2023-01-24
3191,2023-01-27
3192,2023-01-25
3193,2023-01-22
3194,2023-01-28
3195,2023-01-09
3196,2023-01-07
3197,2023-01-23
3198,2023-01-20
3199,2023-01-05
3200,2023-01-28
3201,2023-01-25
3202,2023-01-23
3203,2023-01-24
3204,2023-01-18
3205,2023-01-30
3206,2023-01-09
3207,2023-01-01
3208,2023-01-25
3209,2023-01-10
3210,2023-01-10
3211,2023-01-27
3212,2023-01-12
3213,2023-01-26
3214,2023-01-13
3215,2023-01-31
3216,2023-01-13
3217,2023-01-27
3218,2023-01-19
3219,2023-01-25
3220,2023-01-21
3221,2023-01-01
3222,2023-01-16
3223,2023-01-21
3224,2023-01-17
3225,2023-01-25
3226,2023-01-31
3227,2023-01-05
3228,2023-01-28
3229,2023-01-13
3230,2023-01-08
3231,2023-01-08
3232,2023-01-24
3233,2023-01-24
3234,2023-01-07
3235,2023-01-16
3236,2023-01-08
3237,2023-01-17
3238,2023-01-19
3239,2023-01-26
3240,2023-01-18
3241,2023-01-25
3242,2023-01-15
3243,2023-01-24
3244,2023-01-27
3245,2023-01-15
3246,2023-01-11
3247,2023-01-26
3248,2023-01-03
3249,2023-01-11
3250,2023-01-28
3251,2023-01-07
3252,2023-01-14
3253,2023-01-25
3254,2023-01-31
3255,2023-01-23
3256,2023-01-14
3257,2023-01-07
3258,2023-01-15
3259,2023-01-15
3260,2023-01-28
3261,2023-01-18
3262,2023-01-01
3263,2023-01-12
3264,2023-01-05
3265,2023-01-19
3266,2023-01-28
3267,2023-01-05
3268,2023-01-10
3269,2023-01-31
3270,2023-01-24
3271,2023-01-01
3272,2023-01-16
3273,2023-01-26
3274,2023-01-22
3275,2023-01-27
3276,2023-01-12
3277,2023-01-11
3278,2023-01-08
3279,2023-01-14
3280,2023-01-14
3281,2023-01-22
3282,2023-01-25
3283,2023-01-13
3284,2023-01-25
3285,2023-01-25
3286,2023-01-23
3287,2023-01-18
3288,2023-01-10
3289,2023-01-11
3290,2023-01-19
3291,2023-01-01
3292,2023-01-19
3293,2023-01-26
3294,2023-01-02
3295,2023-01-30
3296,2023-01-05
3297,2023-01-05
3298,2023-01-31
3299,2023-01-11
3300,2023-01-19
3301,2023-01-21
3302,2023-01-26
3303,2023-01-20
3304,2023-01-30
3305,2023-01-20
3306,2023-01-19
3307,2023-01-28
3308,2023-01-13
3309,2023-01-13
3310,2023-01-07
3311,2023-01-31
3312,2023-01-13
3313,2023-01-03
3314,2023-01-18
3315,2023-01-13
3316,2023-01-07
3317,2023-01-16
3318,2023-01-04
3319,2023-01-11
3320,2023-01-19
3321,2023-01-31
3322,2023-01-15
3323,2023-01-21
3324,2023-01-29
3325,2023-01-10
3326,2023-01-03
3327,2023-01-06
3328,2023-01-04
3329,2023-01-22
3330,2023-01-18
3331,2023-01-06
3332,2023-01-02
3333,2023-01-27
3334,2023-01-23
3335,2023-01-20
3336,2023-01-16
3337,2023-01-01
3338,2023-01-06
3339,2023-01-07
3340,2023-01-03
3341,2023-01-30
3342,2023-01-31
3343,2023-01-13
3344,2023-01-10
3345,2023-01-07
3346,2023-01-08
3347,2023-01-10
3348,2023-01-22
3349,2023-01-17
3350,2023-01-03
3351,2023-01-15
3352,2023-01-02
3353,2023-01-12
3354,2023-01-17
3355,2023-01-01
3356,2023-01-06
3357,2023-01-11
3358,2023-01-28
3359,2023-01-30
3360,2023-01-14
3361,2023-01-13
3362,2023-01-06
3363,2023-01-04
3364,2023-01-05
3365,2023-01-18
3366,2023-01-14
3367,2023-01-16
3368,2023-01-24
3369,2023-01-03
3370,2023-01-13
3371,2023-01-31
3372,2023-01-29
3373,2023-01-28
3374,2023-01-07
3375,2023-01-05
3376,2023-01-28
3377,2023-01-07
3378,2023-01-10
3379,2023-01-14
3380,2023-01-27
3381,2023-01-23
3382,2023-01-22
3383,2023-01-16
3384,2023-01-06
3385,2023-01-20
3386,2023-01-19
3387,2023-01-31
3388,2023-01-10
3389,2023-01-19
3390,2023-01-07
3391,2023-01-17
3392,2023-01-23
3393,2023-01-22
3394,2023-01-15
3395,2023-01-09
3396,2023-01-07
3397,2023-01-01
3398,2023-01-05
3399,2023-01-15
3400,2023-01-03
3401,2023-01-27
3402,2023-01-13
3403,2023-01-20
3404,2023-01-26
3405,2023-01-08
3406,2023-01-17
3407,2023-01-11
3408,2023-01-30
3409,2023-01-19
3410,2023-01-29
3411,2023-01-16
3412,2023-01-15
3413,2023-01-15
3414,2023-01-19
3415,2023-01-02
3416,2023-01-24
3417,2023-01-03
3418,2023-01-10
3419,2023-01-21
3420,2023-01-29
3421,2023-01-30
3422,2023-01-15
3423,2023-01-12
3424,2023-01-23
3425,2023-01-27
3426,2023-01-23
3427,2023-01-26
3428,2023-01-10
3429,2023-01-13
3430,2023-01-20
3431,2023-01-27
3432,2023-01-26
3433,2023-01-28
3434,2023-01-06
3435,2023-01-14
3436,2023-01-08
3437,2023-01-06
3438,2023-01-29
3439,2023-01-20
3440,2023-01-24
3441,2023-01-14
3442,2023-01-15
3443,2023-01-13
3444,2023-01-30
3445,2023-01-22
3446,2023-01-06
3447,2023-01-23
3448,2023-01-19
3449,2023-01-04
3450,2023-01-13
3451,2023-01-23
3452,2023-01-31
3453,2023-01-02
3454,2023-01-08
3455,2023-01-29
3456,2023-01-28
3457,2023-01-06
3458,2023-01-09
3459,2023-01-29
3460,2023-01-21
3461,2023-01-18
3462,2023-01-10
3463,2023-01-22
3464,2023-01-30
3465,2023-01-03
3466,2023-01-23
3467,2023-01-24
3468,2023-01-24
3469,2023-01-29
3470,2023-01-07
3471,2023-01-30
3472,2023-01-16
3473,2023-01-14
3474,2023-01-25
3475,2023-01-18
3476,2023-01-04
3477,2023-01-12
3478,2023-01-03
3479,2023-01-25
3480,2023-01-04
3481,2023-01-17
3482,2023-01-25
3483,2023-01-25
3484,2023-01-11
3485,2023-01-14
3486,2023-01-15
3487,2023-01-06
3488,2023-01-09
3489,2023-01-07
3490,2023-01-17
3491,2023-01-02
3492,2023-01-15
3493,2023-01-01
3494,2023-01-03
3495,2023-01-21
3496,2023-01-23
3497,2023-01-22
3498,2023-01-24
3499,2023-01-15
3500,2023-01-13
3501,2023-01-11
3502,2023-01-24
3503,2023-01-13
3504,2023-01-28
3505,2023-01-07
3506,2023-01-13
3507,2023-01-02
3508,2023-01-01
3509,2023-01-09
3510,2023-01-04
3511,2023-01-23
3512,2023-01-30
3513,2023-01-05
3514,2023-01-11
3515,2023-01-22
3516,2023-01-24
3517,2023-01-15
3518,2023-01-16
3519,2023-01-15
3520,2023-01-03
3521,2023-01-03
3522,2023-01-18
3523,2023-01-22
3524,2023-01-08
3525,2023-01-23
3526,2023-01-31
3527,2023-01-15
3528,2023-01-05
3529,2023-01-16
3530,2023-01-27
3531,2023-01-09
3532,2023-01-27
3533,2023-01-06
3534,2023-01-06
3535,2023-01-27
3536,2023-01-01
3537,2023-01-20
3538,2023-01-04
3539,2023-01-06
3540,2023-01-10
3541,2023-01-04
3542,2023-01-18
3543,2023-01-24
3544,2023-01-13
3545,2023-01-06
3546,2023-01-03
3547,2023-01-22
3548,2023-01-25
3549,2023-01-01
3550,2023-01-22
3551,2023-01-09
3552,2023-01-05
3553,2023-01-15
3554,2023-01-12
3555,2023-01-06
3556,2023-01-07
3557,2023-01-23
3558,2023-01-02
3559,2023-01-29
3560,2023-01-22
3561,2023-01-18
3562,2023-01-07
3563,2023-01-15
3564,2023-01-23
3565,2023-01-02
3566,2023-01-27
3567,2023-01-21
3568,2023-01-26
3569,2023-01-17
3570,2023-01-21
3571,2023-01-22
3572,2023-01-23
3573,2023-01-22
3574,2023-01-29
3575,2023-01-04
3576,2023-01-13
3577,2023-01-23
3578,2023-01-10
3579,2023-01-15
3580,2023-01-02
3581,2023-01-20
3582,2023-01-01
3583,2023-01-02
3584,2023-01-25
3585,2023-01-13
3586,2023-01-25
3587,2023-01-07
3588,2023-01-30
3589,2023-01-08
3590,2023-01-12
3591,2023-01-30
3592,2023-01-08
3593,2023-01-07
3594,2023-01-03
3595,2023-01-01
3596,2023-01-14
3597,2023-01-01
3598,2023-01-01
3599,2023-01-11
3600,2023-01-27
3601,2023-01-07
3602,2023-01-22
3603,2023-01-22
3604,2023-01-03
3605,2023-01-08
3606,2023-01-31
3607,2023-01-29
3608,2023-01-04
3609,2023-01-26
3610,2023-01-27
3611,2023-01-27
3612,2023-01-22
3613,2023-01-06
3614,2023-01-24
3615,2023-01-06
3616,2023-01-02
3617,2023-01-14
3618,2023-01-17
3619,2023-01-04
3620,2023-01-27
3621,2023-01-11
3622,2023-01-11
3623,2023-01-18
3624,2023-01-21
3625,2023-01-07
3626,2023-01-20
3627,2023-01-07
3628,2023-01-30
3629,2023-01-18
3630,2023-01-13
3631,2023-01-31
3632,2023-01-14
3633,2023-01-04
3634,2023-01-08
3635,2023-01-07
3636,2023-01-04
3637,2023-01-12
3638,2023-01-11
3639,2023-01-06
3640,2023-01-01
3641,2023-01-13
3642,2023-01-21
3643,2023-01-11
3644,2023-01-01
3645,2023-01-13
3646,2023-01-07
3647,2023-01-15
3648,2023-01-08
3649,2023-01-03
3650,2023-01-22
3651,2023-01-27
3652,2023-01-09
3653,2023-01-21
3654,2023-01-20
3655,2023-01-12
3656,2023-01-02
3657,2023-01-03
3658,2023-01-29
3659,2023-01-07
3660,2023-01-14
3661,2023-01-10
3662,2023-01-25
3663,2023-01-20
3664,2023-01-16
3665,2023-01-04
3666,2023-01-23
3667,2023-01-18
3668,2023-01-26
3669,2023-01-30
3670,2023-01-28
3671,2023-01-19
3672,2023-01-06
3673,2023-01-09
3674,2023-01-31
3675,2023-01-04
3676,2023-01-20
3677,2023-01-11
3678,2023-01-21
3679,2023-01-23
3680,2023-01-13
3681,2023-01-22
3682,2023-01-30
3683,2023-01-25
3684,2023-01-23
3685,2023-01-05
3686,2023-01-11
3687,2023-01-06
3688,2023-01-21
3689,2023-01-25
3690,2023-01-29
3691,2023-01-23
3692,2023-01-11
3693,2023-01-28
3694,2023-01-22
3695,2023-01-16
3696,2023-01-03
3697,2023-01-11
3698,2023-01-01
3699,2023-01-20
3700,2023-01-30
3701,2023-01-19
3702,2023-01-15
3703,2023-01-13
3704,2023-01-17
3705,2023-01-21
3706,2023-01-24
3707,2023-01-08
3708,2023-01-17
3709,2023-01-19
3710,2023-01-23
3711,2023-01-01
3712,2023-01-08
3713,2023-01-01
3714,2023-01-20
3715,2023-01-25
3716,2023-01-29
3717,2023-01-04
3718,2023-01-10
3719,2023-01-08
3720,2023-01-24
3721,2023-01-14
3722,2023-01-25
3723,2023-01-08
3724,2023-01-20
3725,2023-01-03
3726,2023-01-02
3727,2023-01-05
3728,2023-01-12
3729,2023-01-16
3730,2023-01-10
3731,2023-01-07
3732,2023-01-05
3733,2023-01-13
3734,2023-01-07
3735,2023-01-21
3736,2023-01-02
3737,2023-01-08
3738,2023-01-30
3739,2023-01-24
3740,2023-01-20
3741,2023-01-31
3742,2023-01-15
3743,2023-01-24
3744,2023-01-29
3745,2023-01-11
3746,2023-01-05
3747,2023-01-09
3748,2023-01-11
3749,2023-01-21
3750,2023-01-26
3751,2023-01-25
3752,2023-01-02
3753,2023-01-17
3754,2023-01-26
3755,2023-01-14
3756,2023-01-21
3757,2023-01-27
3758,2023-01-10
3759,2023-01-25
3760,2023-01-01
3761,2023-01-08
3762,2023-01-28
3763,2023-01-24
3764,2023-01-11
3765,2023-01-11
3766,2023-01-08
3767,2023-01-07
3768,2023-01-18
3769,2023-01-02
3770,2023-01-30
3771,2023-01-30
3772,2023-01-22
3773,2023-01-08
3774,2023-01-26
3775,2023-01-22
3776,2023-01-23
3777,2023-01-24
3778,2023-01-08
3779,2023-01-20
3780,2023-01-28
3781,2023-01-13
3782,2023-01-17
3783,2023-01-11
3784,2023-01-06
3785,2023-01-15
3786,2023-01-21
3787,2023-01-01
3788,2023-01-03
3789,2023-01-28
3790,2023-01-16
3791,2023-01-03
3792,2023-01-31
3793,2023-01-07
3794,2023-01-02
3795,2023-01-21
3796,2023-01-05
3797,2023-01-31
3798,2023-01-07
3799,2023-01-05
3800,2023-01-03
3801,2023-01-06
3802,2023-01-19
3803,2023-01-18
3804,2023-01-27
3805,2023-01-26
3806,2023-01-30
3807,2023-01-07
3808,2023-01-08
3809,2023-01-17
3810,2023-01-03
3811,2023-01-14
3812,2023-01-24
3813,2023-01-15
3814,2023-01-10
3815,2023-01-06
3816,2023-01-24
3817,2023-01-07
3818,2023-01-08
3819,2023-01-14
3820,2023-01-06
3821,2023-01-20
3822,2023-01-08
3823,2023-01-10
3824,2023-01-10
3825,2023-01-19
3826,2023-01-15
3827,2023-01-31
3828,2023-01-21
3829,2023-01-07
3830,2023-01-09
3831,2023-01-28
3832,2023-01-26
3833,2023-01-16
3834,2023-01-03
3835,2023-01-31
3836,2023-01-12
3837,2023-01-13
3838,2023-01-13
3839,2023-01-06
3840,2023-01-16
3841,2023-01-15
3842,2023-01-14
3843,2023-01-17
3844,2023-01-20
3845,2023-01-24
3846,2023-01-14
3847,2023-01-25
3848,2023-01-05
3849,2023-01-27
3850,2023-01-31
3851,2023-01-26
3852,2023-01-16
3853,2023-01-01
3854,2023-01-25
3855,2023-01-13
3856,2023-01-14
3857,2023-01-28
3858,2023-01-03
3859,2023-01-25
3860,2023-01-30
3861,2023-01-30
3862,2023-01-10
3863,2023-01-20
3864,2023-01-18
3865,2023-01-05
3866,2023-01-18
3867,2023-01-24
3868,2023-01-06
3869,2023-01-09
3870,2023-01-13
3871,2023-01-15
3872,2023-01-10
3873,2023-01-15
3874,2023-01-10
3875,2023-01-13
3876,2023-01-18
3877,2023-01-20
3878,2023-01-16
3879,2023-01-03
3880,2023-01-11
3881,2023-01-05
3882,2023-01-23
3883,2023-01-16
3884,2023-01-07
3885,2023-01-05
3886,2023-01-30
3887,2023-01-07
3888,2023-01-01
3889,2023-01-01
3890,2023-01-28
3891,2023-01-17
3892,2023-01-24
3893,2023-01-24
3894,2023-01-12
3895,2023-01-16
3896,2023-01-13
3897,2023-01-30
3898,2023-01-14
3899,2023-01-31
3900,2023-01-13
3901,2023-01-24
3902,2023-01-12
3903,2023-01-13
3904,2023-01-16
3905,2023-01-10
3906,2023-01-21
3907,2023-01-19
3908,2023-01-03
3909,2023-01-14
3910,2023-01-29
3911,2023-01-02
3912,2023-01-30
3913,2023-01-04
3914,2023-01-13
3915,2023-01-30
3916,2023-01-19
3917,2023-01-06
3918,2023-01-07
3919,2023-01-25
3920,2023-01-14
3921,2023-01-31
3922,2023-01-09
3923,2023-01-25
3924,2023-01-30
3925,2023-01-25
3926,2023-01-24
3927,2023-01-12
3928,2023-01-17
3929,2023-01-23
3930,2023-01-16
3931,2023-01-21
3932,2023-01-23
3933,2023-01-12
3934,2023-01-23
3935,2023-01-02
3936,2023-01-21
3937,2023-01-13
3938,2023-01-30
3939,2023-01-14
3940,2023-01-24
3941,2023-01-08
3942,2023-01-08
3943,2023-01-16
3944,2023-01-02
3945,2023-01-30
3946,2023-01-27
3947,2023-01-12
3948,2023-01-21
3949,2023-01-23
3950,2023-01-22
3951,2023-01-01
3952,2023-01-23
3953,2023-01-22
3954,2023-01-21
3955,2023-01-05
3956,2023-01-09
3957,2023-01-20
3958,2023-01-15
3959,2023-01-31
3960,2023-01-22
3961,2023-01-05
3962,2023-01-09
3963,2023-01-08
3964,2023-01-20
3965,2023-01-19
3966,2023-01-31
3967,2023-01-22
3968,2023-01-27
3969,2023-01-06
3970,2023-01-01
3971,2023-01-04
3972,2023-01-25
3973,2023-01-03
3974,2023-01-21
3975,2023-01-23
3976,2023-01-30
3977,2023-01-13
3978,2023-01-13
3979,2023-01-23
3980,2023-01-19
3981,2023-01-29
3982,2023-01-03
3983,2023-01-17
3984,2023-01-30
3985,2023-01-07
3986,2023-01-29
3987,2023-01-14
3988,2023-01-06
3989,2023-01-27
3990,2023-01-14
3991,2023-01-09
3992,2023-01-23
3993,2023-01-10
3994,2023-01-17
3995,2023-01-31
3996,2023-01-18
3997,2023-01-22
3998,2023-01-29
3999,2023-01-13
4000,2023-01-19
4001,2023-01-10
4002,2023-01-24
4003,2023-01-14
4004,2023-01-25
4005,2023-01-29
4006,2023-01-30
4007,2023-01-24
4008,2023-01-28
4009,2023-01-03
4010,2023-01-04
4011,2023-01-21
4012,2023-01-19
4013,2023-01-25
4014,2023-01-26
4015,2023-01-12
4016,2023-01-27
4017,2023-01-05
4018,2023-01-09
4019,2023-01-24
4020,2023-01-07
4021,2023-01-30
4022,2023-01-24
4023,2023-01-13
4024,2023-01-23
4025,2023-01-10
4026,2023-01-01
4027,2023-01-06
4028,2023-01-27
4029,2023-01-16
4030,2023-01-01
4031,2023-01-04
4032,2023-01-03
4033,2023-01-25
4034,2023-01-23
4035,2023-01-14
4036,2023-01-17
4037,2023-01-14
4038,2023-01-21
4039,2023-01-10
4040,2023-01-24
4041,2023-01-14
4042,2023-01-06
4043,2023-01-06
4044,2023-01-12
4045,2023-01-06
4046,2023-01-23
4047,2023-01-05
4048,2023-01-07
4049,2023-01-16
4050,2023-01-06
4051,2023-01-17
4052,2023-01-31
4053,2023-01-04
4054,2023-01-15
4055,2023-01-19
4056,2023-01-27
4057,2023-01-07
4058,2023-01-06
4059,2023-01-07
4060,2023-01-02
4061,2023-01-24
4062,2023-01-06
4063,2023-01-26
4064,2023-01-25
4065,2023-01-07
4066,2023-01-09
4067,2023-01-29
4068,2023-01-28
4069,2023-01-14
4070,2023-01-15
4071,2023-01-21
4072,2023-01-30
4073,2023-01-20
4074,2023-01-04
4075,2023-01-28
4076,2023-01-21
4077,2023-01-06
4078,2023-01-03
4079,2023-01-10
4080,2023-01-03
4081,2023-01-13
4082,2023-01-04
4083,2023-01-09
4084,2023-01-03
4085,2023-01-11
4086,2023-01-01
4087,2023-01-19
4088,2023-01-08
4089,2023-01-16
4090,2023-01-16
4091,2023-01-22
4092,2023-01-25
4093,2023-01-04
4094,2023-01-01
4095,2023-01-02
4096,2023-01-09
4097,2023-01-25
4098,2023-01-31
4099,2023-01-01
4100,2023-01-22
4101,2023-01-19
4102,2023-01-26
4103,2023-01-02
4104,2023-01-04
4105,2023-01-07
4106,2023-01-17
4107,2023-01-26
4108,2023-01-01
4109,2023-01-13
4110,2023-01-20
4111,2023-01-17
4112,2023-01-31
4113,2023-01-25
4114,2023-01-09
4115,2023-01-30
4116,2023-01-16
4117,2023-01-16
4118,2023-01-25
4119,2023-01-11
4120,2023-01-20
4121,2023-01-14
4122,2023-01-11
4123,2023-01-12
4124,2023-01-22
4125,2023-01-29
4126,2023-01-11
4127,2023-01-11
4128,2023-01-27
4129,2023-01-08
4130,2023-01-31
4131,2023-01-12
4132,2023-01-22
4133,2023-01-13
4134,2023-01-13
4135,2023-01-20
4136,2023-01-02
4137,2023-01-12
4138,2023-01-28
4139,2023-01-11
4140,2023-01-26
4141,2023-01-04
4142,2023-01-01
4143,2023-01-15
4144,2023-01-28
4145,2023-01-23
4146,2023-01-13
4147,2023-01-24
4148,2023-01-27
4149,2023-01-29
4150,2023-01-30
4151,2023-01-05
4152,2023-01-01
4153,2023-01-20
4154,2023-01-04
4155,2023-01-28
4156,2023-01-17
4157,2023-01-09
4158,2023-01-31
4159,2023-01-23
4160,2023-01-25
4161,2023-01-27
4162,2023-01-08
4163,2023-01-12
4164,2023-01-15
4165,2023-01-20
4166,2023-01-22
4167,2023-01-22
4168,2023-01-28
4169,2023-01-16
4170,2023-01-17
4171,2023-01-14
4172,2023-01-22
4173,2023-01-07
4174,2023-01-01
4175,2023-01-21
4176,2023-01-31
4177,2023-01-31
4178,2023-01-27
4179,2023-01-11
4180,2023-01-01
4181,2023-01-21
4182,2023-01-12
4183,2023-01-28
4184,2023-01-02
4185,2023-01-26
4186,2023-01-24
4187,2023-01-11
4188,2023-01-22
4189,2023-01-15
4190,2023-01-08
4191,2023-01-20
4192,2023-01-16
4193,2023-01-13
4194,2023-01-24
4195,2023-01-20
4196,2023-01-26
4197,2023-01-03
4198,2023-01-12
4199,2023-01-14
4200,2023-01-31
4201,2023-01-30
4202,2023-01-31
4203,2023-01-30
4204,2023-01-16
4205,2023-01-22
4206,2023-01-28
4207,2023-01-23
4208,2023-01-29
4209,2023-01-04
4210,2023-01-24
4211,2023-01-13
4212,2023-01-10
4213,2023-01-20
4214,2023-01-07
4215,2023-01-23
4216,2023-01-05
4217,2023-01-28
4218,2023-01-17
4219,2023-01-29
4220,2023-01-19
4221,2023-01-26
4222,2023-01-28
4223,2023-01-23
4224,2023-01-17
4225,2023-01-02
4226,2023-01-05
4227,2023-01-16
4228,2023-01-26
4229,2023-01-03
4230,2023-01-10
4231,2023-01-27
4232,2023-01-22
4233,2023-01-18
4234,2023-01-28
4235,2023-01-15
4236,2023-01-06
4237,2023-01-29
4238,2023-01-15
4239,2023-01-31
4240,2023-01-04
4241,2023-01-16
4242,2023-01-22
4243,2023-01-18
4244,2023-01-08
4245,2023-01-08
4246,2023-01-07
4247,2023-01-06
4248,2023-01-25
4249,2023-01-31
4250,2023-01-22
4251,2023-01-23
4252,2023-01-03
4253,2023-01-04
4254,2023-01-14
4255,2023-01-23
4256,2023-01-01
4257,2023-01-06
4258,2023-01-30
4259,2023-01-30
4260,2023-01-11
4261,2023-01-29
4262,2023-01-13
4263,2023-01-25
4264,2023-01-09
4265,2023-01-08
4266,2023-01-24
4267,2023-01-09
4268,2023-01-22
4269,2023-01-16
4270,2023-01-31
4271,2023-01-29
4272,2023-01-22
4273,2023-01-04
4274,2023-01-22
4275,2023-01-05
4276,2023-01-30
4277,2023-01-18
4278,2023-01-21
4279,2023-01-24
4280,2023-01-16
4281,2023-01-03
4282,2023-01-26
4283,2023-01-23
4284,2023-01-11
4285,2023-01-28
4286,2023-01-08
4287,2023-01-30
4288,2023-01-19
4289,2023-01-25
4290,2023-01-30
4291,2023-01-20
4292,2023-01-03
4293,2023-01-21
4294,2023-01-11
4295,2023-01-13
4296,2023-01-30
4297,2023-01-23
4298,2023-01-24
4299,2023-01-24
4300,2023-01-24
4301,2023-01-13
4302,2023-01-21
4303,2023-01-21
4304,2023-01-26
4305,2023-01-18
4306,2023-01-31
4307,2023-01-28
4308,2023-01-14
4309,2023-01-26
4310,2023-01-08
4311,2023-01-08
4312,2023-01-09
4313,2023-01-04
4314,2023-01-10
4315,2023-01-03
4316,2023-01-04
4317,2023-01-03
4318,2023-01-11
4319,2023-01-24
4320,2023-01-19
4321,2023-01-30
4322,2023-01-07
4323,2023-01-24
4324,2023-01-31
4325,2023-01-04
4326,2023-01-19
4327,2023-01-12
4328,2023-01-05
4329,2023-01-28
4330,2023-01-11
4331,2023-01-31
4332,2023-01-13
4333,2023-01-19
4334,2023-01-24
4335,2023-01-01
4336,2023-01-10
4337,2023-01-02
4338,2023-01-19
4339,2023-01-18
4340,2023-01-07
4341,2023-01-28
4342,2023-01-13
4343,2023-01-14
4344,2023-01-11
4345,2023-01-25
4346,2023-01-12
4347,2023-01-26
4348,2023-01-22
4349,2023-01-30
4350,2023-01-26
4351,2023-01-05
4352,2023-01-17
4353,2023-01-22
4354,2023-01-20
4355,2023-01-19
4356,2023-01-08
4357,2023-01-04
4358,2023-01-13
4359,2023-01-01
4360,2023-01-18
4361,2023-01-28
4362,2023-01-15
4363,2023-01-11
4364,2023-01-05
4365,2023-01-27
4366,2023-01-31
4367,2023-01-10
4368,2023-01-27
4369,2023-01-08
4370,2023-01-16
4371,2023-01-22
4372,2023-01-15
4373,2023-01-05
4374,2023-01-20
4375,2023-01-10
4376,2023-01-05
4377,2023-01-24
4378,2023-01-22
4379,2023-01-28
4380,2023-01-26
4381,2023-01-27
4382,2023-01-23
4383,2023-01-02
4384,2023-01-20
4385,2023-01-11
4386,2023-01-10
4387,2023-01-17
4388,2023-01-23
4389,2023-01-04
4390,2023-01-09
4391,2023-01-28
4392,2023-01-23
4393,2023-01-19
4394,2023-01-16
4395,2023-01-21
4396,2023-01-27
4397,2023-01-07
4398,2023-01-16
4399,2023-01-10
4400,2023-01-23
4401,2023-01-31
4402,2023-01-13
4403,2023-01-02
4404,2023-01-26
4405,2023-01-11
4406,2023-01-05
4407,2023-01-27
4408,2023-01-23
4409,2023-01-07
4410,2023-01-28
4411,2023-01-24
4412,2023-01-30
4413,2023-01-26
4414,2023-01-08
4415,2023-01-23
4416,2023-01-24
4417,2023-01-02
4418,2023-01-30
4419,2023-01-28
4420,2023-01-25
4421,2023-01-06
4422,2023-01-28
4423,2023-01-16
4424,2023-01-24
4425,2023-01-13
4426,2023-01-10
4427,2023-01-27
4428,2023-01-22
4429,2023-01-30
4430,2023-01-28
4431,2023-01-06
4432,2023-01-01
4433,2023-01-18
4434,2023-01-13
4435,2023-01-11
4436,2023-01-14
4437,2023-01-22
4438,2023-01-16
4439,2023-01-12
4440,2023-01-25
4441,2023-01-13
4442,2023-01-13
4443,2023-01-03
4444,2023-01-17
4445,2023-01-24
4446,2023-01-10
4447,2023-01-10
4448,2023-01-23
4449,2023-01-30
4450,2023-01-07
4451,2023-01-23
4452,2023-01-28
4453,2023-01-18
4454,2023-01-13
4455,2023-01-04
4456,2023-01-05
4457,2023-01-11
4458,2023-01-25
4459,2023-01-26
4460,2023-01-19
4461,2023-01-28
4462,2023-01-26
4463,2023-01-02
4464,2023-01-28
4465,2023-01-30
4466,2023-01-23
4467,2023-01-10
4468,2023-01-15
4469,2023-01-21
4470,2023-01-06
4471,2023-01-19
4472,2023-01-05
4473,2023-01-15
4474,2023-01-23
4475,2023-01-16
4476,2023-01-10
4477,2023-01-29
4478,2023-01-05
4479,2023-01-07
4480,2023-01-07
4481,2023-01-26
4482,2023-01-24
4483,2023-01-07
4484,2023-01-24
4485,2023-01-21
4486,2023-01-01
4487,2023-01-12
4488,2023-01-24
4489,2023-01-28
4490,2023-01-19
4491,2023-01-04
4492,2023-01-22
4493,2023-01-26
4494,2023-01-28
4495,2023-01-05
4496,2023-01-13
4497,2023-01-31
4498,2023-01-14
4499,2023-01-22
4500,2023-01-27
4501,2023-01-06
4502,2023-01-30
4503,2023-01-02
4504,2023-01-04
4505,2023-01-12
4506,2023-01-16
4507,2023-01-06
4508,2023-01-31
4509,2023-01-02
4510,2023-01-04
4511,2023-01-17
4512,2023-01-21
4513,2023-01-11
4514,2023-01-19
4515,2023-01-14
4516,2023-01-05
4517,2023-01-21
4518,2023-01-24
4519,2023-01-13
4520,2023-01-08
4521,2023-01-02
4522,2023-01-04
4523,2023-01-08
4524,2023-01-13
4525,2023-01-16
4526,2023-01-10
4527,2023-01-23
4528,2023-01-20
4529,2023-01-31
4530,2023-01-06
4531,2023-01-21
4532,2023-01-24
4533,2023-01-13
4534,2023-01-25
4535,2023-01-23
4536,2023-01-26
4537,2023-01-22
4538,2023-01-22
4539,2023-01-03
4540,2023-01-25
4541,2023-01-15
4542,2023-01-28
4543,2023-01-27
4544,2023-01-21
4545,2023-01-13
4546,2023-01-09
4547,2023-01-21
4548,2023-01-21
4549,2023-01-15
4550,2023-01-12
4551,2023-01-01
4552,2023-01-04
4553,2023-01-04
4554,2023-01-03
4555,2023-01-04
4556,2023-01-16
4557,2023-01-21
4558,2023-01-22
4559,2023-01-30
4560,2023-01-17
4561,2023-01-08
4562,2023-01-01
4563,2023-01-19
4564,2023-01-19
4565,2023-01-19
4566,2023-01-16
4567,2023-01-09
4568,2023-01-23
4569,2023-01-24
4570,2023-01-04
4571,2023-01-26
4572,2023-01-19
4573,2023-01-06
4574,2023-01-13
4575,2023-01-16
4576,2023-01-21
4577,2023-01-23
4578,2023-01-14
4579,2023-01-10
4580,2023-01-19
4581,2023-01-05
4582,2023-01-04
4583,2023-01-11
4584,2023-01-03
4585,2023-01-23
4586,2023-01-30
4587,2023-01-28
4588,2023-01-26
4589,2023-01-18
4590,2023-01-06
4591,2023-01-13
4592,2023-01-27
4593,2023-01-23
4594,2023-01-01
4595,2023-01-13
4596,2023-01-18
4597,2023-01-27
4598,2023-01-18
4599,2023-01-26
4600,2023-01-26
4601,2023-01-17
4602,2023-01-16
4603,2023-01-03
4604,2023-01-17
4605,2023-01-27
4606,2023-01-19
4607,2023-01-18
4608,2023-01-23
4609,2023-01-27
4610,2023-01-26
4611,2023-01-21
4612,2023-01-04
4613,2023-01-25
4614,2023-01-25
4615,2023-01-07
4616,2023-01-31
4617,2023-01-22
4618,2023-01-29
4619,2023-01-04
4620,2023-01-06
4621,2023-01-28
4622,2023-01-20
4623,2023-01-23
4624,2023-01-06
4625,2023-01-01
4626,2023-01-18
4627,2023-01-15
4628,2023-01-26
4629,2023-01-11
4630,2023-01-04
4631,2023-01-02
4632,2023-01-05
4633,2023-01-19
4634,2023-01-07
4635,2023-01-21
4636,2023-01-06
4637,2023-01-03
4638,2023-01-18
4639,2023-01-09
4640,2023-01-28
4641,2023-01-25
4642,2023-01-02
4643,2023-01-03
4644,2023-01-04
4645,2023-01-17
4646,2023-01-10
4647,2023-01-12
4648,2023-01-31
4649,2023-01-18
4650,2023-01-06
4651,2023-01-14
4652,2023-01-31
4653,2023-01-22
4654,2023-01-01
4655,2023-01-08
4656,2023-01-10
4657,2023-01-02
4658,2023-01-31
4659,2023-01-31
4660,2023-01-17
4661,2023-01-29
4662,2023-01-26
4663,2023-01-10
4664,2023-01-22
4665,2023-01-18
4666,2023-01-15
4667,2023-01-05
4668,2023-01-19
4669,2023-01-16
4670,2023-01-23
4671,2023-01-11
4672,2023-01-17
4673,2023-01-30
4674,2023-01-12
4675,2023-01-20
4676,2023-01-18
4677,2023-01-17
4678,2023-01-07
4679,2023-01-23
4680,2023-01-04
4681,2023-01-22
4682,2023-01-27
4683,2023-01-02
4684,2023-01-08
4685,2023-01-02
4686,2023-01-07
4687,2023-01-05
4688,2023-01-10
4689,2023-01-28
4690,2023-01-27
4691,2023-01-07
4692,2023-01-31
4693,2023-01-05
4694,2023-01-20
4695,2023-01-18
4696,2023-01-07
4697,2023-01-19
4698,2023-01-12
4699,2023-01-09
4700,2023-01-05
4701,2023-01-24
4702,2023-01-20
4703,2023-01-14
4704,2023-01-03
4705,2023-01-18
4706,2023-01-09
4707,2023-01-09
4708,2023-01-13
4709,2023-01-21
4710,2023-01-29
4711,2023-01-06
4712,2023-01-13
4713,2023-01-15
4714,2023-01-03
4715,2023-01-31
4716,2023-01-09
4717,2023-01-22
4718,2023-01-14
4719,2023-01-31
4720,2023-01-23
4721,2023-01-05
4722,2023-01-18
4723,2023-01-07
4724,2023-01-03
4725,2023-01-21
4726,2023-01-24
4727,2023-01-09
4728,2023-01-21
4729,2023-01-23
4730,2023-01-21
4731,2023-01-07
4732,2023-01-23
4733,2023-01-12
4734,2023-01-19
4735,2023-01-22
4736,2023-01-21
4737,2023-01-27
4738,2023-01-17
4739,2023-01-20
4740,2023-01-06
4741,2023-01-14
4742,2023-01-27
4743,2023-01-05
4744,2023-01-11
4745,2023-01-26
4746,2023-01-14
4747,2023-01-13
4748,2023-01-01
4749,2023-01-31
4750,2023-01-20
4751,2023-01-08
4752,2023-01-03
4753,2023-01-09
4754,2023-01-04
4755,2023-01-18
4756,2023-01-04
4757,2023-01-22
4758,2023-01-18
4759,2023-01-14
4760,2023-01-03
4761,2023-01-11
4762,2023-01-21
4763,2023-01-03
4764,2023-01-12
4765,2023-01-30
4766,2023-01-11
4767,2023-01-25
4768,2023-01-09
4769,2023-01-05
4770,2023-01-28
4771,2023-01-26
4772,2023-01-08
4773,2023-01-09
4774,2023-01-01
4775,2023-01-04
4776,2023-01-13
4777,2023-01-08
4778,2023-01-13
4779,2023-01-31
4780,2023-01-04
4781,2023-01-26
4782,2023-01-30
4783,2023-01-04
4784,2023-01-06
4785,2023-01-17
4786,2023-01-24
4787,2023-01-29
4788,2023-01-10
4789,2023-01-19
4790,2023-01-27
4791,2023-01-26
4792,2023-01-16
4793,2023-01-04
4794,2023-01-17
4795,2023-01-12
4796,2023-01-23
4797,2023-01-19
4798,2023-01-28
4799,2023-01-10
4800,2023-01-18
4801,2023-01-09
4802,2023-01-20
4803,2023-01-04
4804,2023-01-29
4805,2023-01-02
4806,2023-01-06
4807,2023-01-11
4808,2023-01-31
4809,2023-01-25
4810,2023-01-13
4811,2023-01-06
4812,2023-01-12
4813,2023-01-26
4814,2023-01-24
4815,2023-01-22
4816,2023-01-31
4817,2023-01-26
4818,2023-01-18
4819,2023-01-18
4820,2023-01-20
4821,2023-01-29
4822,2023-01-28
4823,2023-01-13
4824,2023-01-16
4825,2023-01-19
4826,2023-01-05
4827,2023-01-09
4828,2023-01-01
4829,2023-01-22
4830,2023-01-17
4831,2023-01-23
4832,2023-01-05
4833,2023-01-22
4834,2023-01-05
4835,2023-01-05
4836,2023-01-13
4837,2023-01-19
4838,2023-01-24
4839,2023-01-09
4840,2023-01-02
4841,2023-01-30
4842,2023-01-24
4843,2023-01-21
4844,2023-01-12
4845,2023-01-23
4846,2023-01-25
4847,2023-01-08
4848,2023-01-22
4849,2023-01-20
4850,2023-01-14
4851,2023-01-23
4852,2023-01-15
4853,2023-01-06
4854,2023-01-15
4855,2023-01-12
4856,2023-01-26
4857,2023-01-15
4858,2023-01-17
4859,2023-01-10
4860,2023-01-09
4861,2023-01-31
4862,2023-01-14
4863,2023-01-17
4864,2023-01-31
4865,2023-01-23
4866,2023-01-29
4867,2023-01-30
4868,2023-01-27
4869,2023-01-08
4870,2023-01-10
4871,2023-01-21
4872,2023-01-28
4873,2023-01-03
4874,2023-01-31
4875,2023-01-10
4876,2023-01-14
4877,2023-01-25
4878,2023-01-11
4879,2023-01-28
4880,2023-01-03
4881,2023-01-21
4882,2023-01-03
4883,2023-01-03
4884,2023-01-24
4885,2023-01-08
4886,2023-01-31
4887,2023-01-03
4888,2023-01-06
4889,2023-01-19
4890,2023-01-02
4891,2023-01-03
4892,2023-01-24
4893,2023-01-10
4894,2023-01-18
4895,2023-01-30
4896,2023-01-16
4897,2023-01-26
4898,2023-01-28
4899,2023-01-01
4900,2023-01-31
4901,2023-01-31
4902,2023-01-14
4903,2023-01-22
4904,2023-01-17
4905,2023-01-30
4906,2023-01-24
4907,2023-01-05
4908,2023-01-16
4909,2023-01-16
4910,2023-01-17
4911,2023-01-22
4912,2023-01-22
4913,2023-01-29
4914,2023-01-18
4915,2023-01-23
4916,2023-01-04
4917,2023-01-13
4918,2023-01-01
4919,2023-01-20
4920,2023-01-07
4921,2023-01-30
4922,2023-01-27
4923,2023-01-24
4924,2023-01-01
4925,2023-01-23
4926,2023-01-14
4927,2023-01-23
4928,2023-01-18
4929,2023-01-24
4930,2023-01-12
4931,2023-01-08
4932,2023-01-24
4933,2023-01-22
4934,2023-01-31
4935,2023-01-30
4936,2023-01-27
4937,2023-01-29
4938,2023-01-31
4939,2023-01-17
4940,2023-01-22
4941,2023-01-20
4942,2023-01-02
4943,2023-01-20
4944,2023-01-15
4945,2023-01-31
4946,2023-01-06
4947,2023-01-22
4948,2023-01-30
4949,2023-01-29
4950,2023-01-25
4951,2023-01-17
4952,2023-01-29
4953,2023-01-08
4954,2023-01-06
4955,2023-01-03
4956,2023-01-12
4957,2023-01-27
4958,2023-01-05
4959,2023-01-17
4960,2023-01-12
4961,2023-01-31
4962,2023-01-02
4963,2023-01-14
4964,2023-01-16
4965,2023-01-13
4966,2023-01-06
4967,2023-01-12
4968,2023-01-04
4969,2023-01-11
4970,2023-01-30
4971,2023-01-22
4972,2023-01-08
4973,2023-01-27
4974,2023-01-18
4975,2023-01-28
4976,2023-01-25
4977,2023-01-28
4978,2023-01-04
4979,2023-01-10
4980,2023-01-10
4981,2023-01-16
4982,2023-01-10
4983,2023-01-09
4984,2023-01-07
4985,2023-01-01
4986,2023-01-24
4987,2023-01-21
4988,2023-01-19
4989,2023-01-13
4990,2023-01-07
4991,2023-01-30
4992,2023-01-10
4993,2023-01-30
4994,2023-01-30
4995,2023-01-31
4996,2023-01-21
4997,2023-01-17
4998,2023-01-27
4999,2023-01-29
5000,2023-01-02
